tên,giá,socket,kích thước,RAM tối đa,khe RAM,màu,hỗ trợ RAM,khe M.2,lưu trữ
ASUS B760M-AYW WIFI D4,184.43,LGA 1700,Micro ATX,64,2,GREY / BLACK,DDR4,PCIe 4.0 x4,sata_6_gb_s
MSI B850 PRO B850M-VC WIFI6E AM5 DDR5 Micro ATX,189.49,AM5,Micro ATX,256,4,BLACK,DDR5,PCIe 4.0 x4,
Asus H81 H81M-C/CSM DDR3 Micro ATX,287.00,LGA 1150,Micro ATX,16,2,BLACK / GOLD,DDR3,,sata_3_gb_s; sata_6_gb_s
Gigabyte B860M AORUS ELITE WIFI6E DDR5 Micro ATX,169.99,LGA 1851,Micro ATX,256,4,BLACK,DDR5,PCIe 4.0 x4,
Biostar B560 M-SILVER LGA1200 DDR4 Micro ATX,169.50,LGA 1200,Micro ATX,128,4,GREY / BLACK,DDR4,PCIe 4.0 x4,sata_6_gb_s
ASRock H410 M/ac DDR4 Micro ATX,248.99,LGA 1200,Micro ATX,64,2,BLACK,DDR4,PCIe 4.0 x4,sata_6_gb_s
ASUS H310 PRIME H310M-R R2.0 LGA1151 DDR4 Micro ATX,173.25,LGA 1151,Micro ATX,32,2,BLACK,DDR4,,sata_6_gb_s
ASRock B560M Pro4 LGA1200 DDR4 Micro ATX,248.99,LGA 1200,Micro ATX,128,4,GREY / BLACK,DDR4,PCIe 4.0 x4,sata_6_gb_s
MSI PRO B650M-P,149.99,AM5,Micro ATX,256,4,BLACK / GREY,DDR5,PCIe 4.0 x4,sata_6_gb_s
MSI A320M PRO-VD PLUS AM4 DDR4 Micro ATX,110.00,AM4,Micro ATX,32,2,BROWN / BLACK,DDR4,,sata_6_gb_s
ASRock B850 Pro RS WiFi AM5 DDR5 ATX,199.99,AM5,ATX,256,4,GREY / BLACK,DDR5,PCIe 4.0 x4,
ASRock B860 Lightning WiFi DDR5 ATX,199.99,LGA 1851,ATX,256,4,BLACK,DDR5,PCIe 4.0 x4,sata_6_gb_s
ASUS X870 MAX GAMING WIFI7 W DDR5 ATX,254.25,AM5,ATX,256,4,WHITE,DDR5,PCIe 4.0 x4,
MSI B550-A PRO (CEC),376.00,AM4,ATX,128,4,BLACK,DDR4,PCIe 4.0 x4,
MSI B450-A PRO MAX,240.73,AM4,ATX,64,4,,DDR4,PCIe 3.0 x4,sata_6_gb_s
Gigabyte X299 AORUS Gaming 3 Pro LGA2066 DDR4 ATX,489.00,LGA 2066,ATX,128,8,BLACK,DDR4,PCIe 4.0 x4,sata_6_gb_s
Asus B85 PLUS LGA1150 DDR3 ATX,411.98,LGA 1150,ATX,32,4,BLACK / GOLD,DDR3,,sata_3_gb_s; sata_6_gb_s
Asus X79 Deluxe LGA2011 DDR3 ATX,668.15,LGA 2011,ATX,64,8,BLACK / GOLD,DDR3,,sata_3_gb_s; sata_6_gb_s
Gigabyte B650M C AM5 DDR5 Micro ATX,169.54,AM5,Micro ATX,192,4,BROWN / BLACK,DDR5,PCIe 4.0 x4,sata_6_gb_s
MAXSUN B760 iCraft B760M CROSS LGA1700 DDR5 Micro ATX,152.52,LGA 1700,Micro ATX,192,4,WHITE / PINK,DDR5,PCIe 4.0 x4,sata_6_gb_s
Asus B560 PRIME B560M-A AC LGA1200 DDR4 Micro ATX,155.55,LGA 1200,Micro ATX,128,4,BLACK / GREY,DDR4,PCIe 4.0 x4,sata_6_gb_s
ASUS TUF GAMING B650-PLUS,159.99,AM5,ATX,256,4,BLACK / GREY / ORANGE,DDR5,PCIe 5.0 x4; PCIe 4.0 x4,sata_6_gb_s
Asus PRIME B650-PLUS WIFI,159.99,AM5,ATX,192,4,BLACK / GREY,DDR5,PCIe 5.0 x4; PCIe 4.0 x4,sata_6_gb_s
Gigabyte A520M H (rev. 1.x),109.99,AM4,Micro ATX,64,2,BLACK,DDR4,SATA / PCIe 3.0 x4/x2,sata_6_gb_s
Asus Z370 ROG Strix Z370-H Gaming DDR4 ATX,368.49,LGA 1151,ATX,64,4,BLACK / RED,DDR4,PCIe 4.0 x4,sata_6_gb_s
Gigabyte B850 AI TOP AM5 DDR5 ATX,232.67,AM5,ATX,256,4,BLACK,DDR5,PCIe 4.0 x4,
Asus Z890 MAX GAMING WIFI7 DDR5 ATX,329.99,LGA 1851,ATX,256,4,GREY / BLACK,DDR5,PCIe 4.0 x4,sata_6_gb_s
Asus PRIME B650M-A II-CSM,159.99,AM5,Micro ATX,192,4,GREY / BLACK,DDR5,PCIe 4.0 x4,
ASRock B360M ITX/ac DDR4 Mini ITX,321.50,LGA 1151,Mini-ITX,32,2,BLACK / GREY,DDR4,PCIe 4.0 x4,sata_6_gb_s
Gigabyte Z390 AORUS ULTRA ATX LGA1151,266.00,LGA 1151,ATX,128,4,,DDR4,PCIe 4.0 x4,sata_6_gb_s
Asus B150 M-A/M.2 LGA1151 DDR4 Micro ATX,173.25,LGA 1151,Micro ATX,64,4,BLACK / GOLD,DDR4,PCIe 4.0 x4,sata_6_gb_s
Supermicro Intel C602 X9SRA LGA2011 DDR3 ATX,740.00,LGA 2011,ATX,64,8,BLACK / GREEN,DDR3,,sata_3_gb_s; sata_6_gb_s
Gigabyte AMD 970 GA-970A-DS3 AM3+ DDR3 ATX,142.20,AM3+,ATX,32,4,BLUE / WHITE,DDR3,,sata_6_gb_s
Biostar Z590 MHP DDR4 Micro ATX,169.50,LGA 1200,Micro ATX,64,2,BLACK / GREY,DDR4,PCIe 4.0 x4,
Asus Z270 TUF MARK 1 DDR4 ATX LGA1151,368.49,LGA 1151,ATX,64,4,GREEN / BROWN / BLACK,DDR4,PCIe 4.0 x4,sata_6_gb_s
MSI Z270 GAMING M5 DDR4 ATX,390.78,LGA 1151,ATX,64,4,BLACK / GREY,DDR4,PCIe 4.0 x4,sata_6_gb_s
MSI Z790 MPG EDGE MONSTER HUNTER EDITION DDR5 ATX,239.38,LGA 1700,ATX,256,4,BLACK / RED,DDR5,PCIe 4.0 x4,sata_6_gb_s
Asus Z270 MAXIMUS IX APEX LGA1151 DDR4 EATX,650.00,LGA 1151,EATX,32,2,BLACK / GREY,DDR4,PCIe 4.0 x4,sata_6_gb_s
ASUS TUF GAMING B850-BTF WIFI W,279.99,AM5,ATX,256,4,WHITE / GREY,DDR5,PCIe 4.0 x4,
Gigabyte B760 DS3H AX DDR5 ATX,262.44,LGA 1700,ATX,256,4,GREY / BLACK,DDR5,PCIe 4.0 x4,sata_6_gb_s
MSI B650 GAMING PLUS WIFI DDR5 ATX,244.94,AM5,ATX,256,4,BLACK,DDR5,PCIe 4.0 x4,sata_6_gb_s
MSI MAG Z890 TOMAHAWK WIFI,239.99,LGA 1851,ATX,256,4,BLACK / YELLOW,DDR5,PCIe 4.0 x4,
ASRock 990FX Killer/3.1 DDR3 ATX,127.60,AM3+,ATX,64,4,BLACK / RED,DDR3,PCIe 4.0 x4,sata_6_gb_s
Gigabyte B360M HD3 DDR4 Micro ATX LGA1151,259.99,LGA 1151,Micro ATX,32,2,GREY / BLACK,DDR4,PCIe 4.0 x4,sata_6_gb_s
MSI X299 TOMAHAWK ARCTIC DDR4 ATX,489.00,LGA 2066,ATX,256,8,WHITE / GREY,DDR4,PCIe 4.0 x4,sata_6_gb_s
ASRock Z890 Phantom Gaming Nova WiFi DDR5 ATX,199.99,LGA 1851,ATX,256,4,BLACK,DDR5,PCIe 4.0 x4,
Asus A520 PRIME M-R-CSM AM4 DDR4 Micro ATX,144.83,AM4,Micro ATX,64,2,GREY / BLACK,DDR4,PCIe 4.0 x4,sata_6_gb_s
MSI B460M MAG BAZOOKA DDR4 Micro ATX,299.99,LGA 1200,Micro ATX,128,4,BLACK / GREY,DDR4,PCIe 4.0 x4,sata_6_gb_s
Asus B450 PRIME B450-PLUS AM4 DDR4 ATX,269.27,AM4,ATX,64,4,BLACK / GREY,DDR4,PCIe 4.0 x4,
Gigabyte Z890 AORUS ELITE X ICE DDR5 ATX,225.05,LGA 1851,ATX,256,4,WHITE / GREY,DDR5,PCIe 4.0 x4,
Gigabyte GA-H87-HD3 ATX LGA1150,411.98,LGA 1150,ATX,32,4,,DDR3,,sata_6_gb_s
ASRock A520 A520M-HDVP/DASH AM4 DDR4 Micro ATX,98.24,AM4,Micro ATX,64,2,BLACK / GREY,DDR4,PCIe 4.0 x4,sata_6_gb_s
Asus Z270 ROG STRIX Z270G GAMING DDR4 Micro ATX,173.25,LGA 1151,Micro ATX,64,4,BLACK / GREY,DDR4,PCIe 4.0 x4,sata_6_gb_s
Asus H610 PRIME H610M-K LGA1700 DDR5 Micro ATX,184.43,LGA 1700,Micro ATX,96,2,BLACK,DDR5,PCIe 4.0 x4,
Asus 990FX TUF SABERTOOTH R3.0 DDR3 ATX,142.20,AM3+,ATX,32,4,BLACK,DDR3,PCIe 4.0 x4,sata_6_gb_s
ASRock Z390 STEEL LEGEND DDR4 ATX,418.00,LGA 1151,ATX,128,4,GREY / BLACK,DDR4,PCIe 4.0 x4,sata_6_gb_s
Asus H510 PRIME H510M-A R2.0 DDR4 Micro ATX,155.55,LGA 1200,Micro ATX,64,2,GREY / BLACK,DDR4,PCIe 4.0 x4,sata_6_gb_s
Asus B250F STRIX GAMING DDR4 ATX,368.49,LGA 1151,ATX,64,4,BLACK / GREY,DDR4,PCIe 4.0 x4,sata_6_gb_s
Asus PRIME B550M-A WI-FI DDR4 Micro ATX [Delete],144.83,AM4,Micro ATX,128,4,BLACK / WHITE,DDR4,PCIe 4.0 x4,
MSI B560M PRO DDR4 Micro ATX,299.99,LGA 1200,Micro ATX,64,2,BLACK,DDR4,PCIe 4.0 x4,sata_6_gb_s
ASUS B760M-AYW WIFI II,184.43,LGA 1700,Micro ATX,96,2,BLACK / GREY,DDR5,PCIe 4.0 x4,sata_6_gb_s
MSI Z170A MPOWER GAMING TITANIUM DDR4 ATX,390.78,LGA 1151,ATX,64,4,GREY / BLACK,DDR4,PCIe 4.0 x4,u2
ASRock Z590 Phantom Gaming-ITX/TB4 DDR4 Mini ITX,479.00,LGA 1200,Mini-ITX,64,2,BLACK / RED,DDR4,PCIe 4.0 x4,sata_6_gb_s
MSI Z590 MPG Z590M GAMING EDGE WIFI LGA1200 DDR4 Micro ATX,299.99,LGA 1200,Micro ATX,128,4,BLACK,DDR4,PCIe 4.0 x4,sata_6_gb_s
MSI B850M MAG MORTAR WIFI AM5 DDR5 Micro ATX,189.49,AM5,Micro ATX,256,4,BLACK / GREEN,DDR5,PCIe 4.0 x4,sata_6_gb_s
Asus H610 PRIME M-D D4 LGA1700 DDR4 Micro ATX,184.43,LGA 1700,Micro ATX,64,2,GREY / BLACK,DDR4,PCIe 4.0 x4,sata_6_gb_s
ASRock Z590M-ITX/ax LGA 1200 Mini ITX Intel Motherboard,479.00,LGA 1200,Mini-ITX,64,2,,DDR4,PCIe 4.0 x4; PCIe 3.0 x4,sata_6_gb_s
ASRock Z590 Extreme LGA1200 DDR4 ATX,794.25,LGA 1200,ATX,128,4,BLACK / BLUE,DDR4,PCIe 4.0 x4,sata_6_gb_s
ASRock X470 Taichi ATX AM4,184.99,AM4,ATX,64,4,,DDR4,PCIe 4.0 x4,sata_6_gb_s
MSI H110 H110M PRO-D DDR4 Micro ATX,259.99,LGA 1151,Micro ATX,32,2,BLACK / GREY,DDR4,,sata_6_gb_s
Gigabyte AMD X370 GA-AX370-GAMING 5 DDR4 ATX,277.00,AM4,ATX,64,4,BLACK / WHITE,DDR4,PCIe 4.0 x4,sata_6_gb_s
Asus H610 PRIME H610I-PLUS D4-CSM DDR4 Mini ITX,222.84,LGA 1700,Mini-ITX,64,2,GREY / BLACK,DDR4,PCIe 4.0 x4,
Gigabyte Z270 GA-Z270XP-SLI DDR4 ATX,266.00,LGA 1151,ATX,64,4,BLACK / RED,DDR4,PCIe 4.0 x4,sata_6_gb_s
B460M D3H,169.50,LGA 1200,Micro ATX,128,4,,DDR4,SATA and PCIe x4/x2,sata_6_gb_s
Biostar B550 MXC PRO DDR4 Micro ATX,111.05,AM4,Micro ATX,128,4,BROWN / BLACK,DDR4,PCIe 4.0 x4,sata_6_gb_s
MSI B350I PRO AC AM4 DDR4 Mini ITX,150.01,AM4,Mini-ITX,32,2,BROWN / BLACK,DDR4,PCIe 4.0 x4,sata_6_gb_s
Colorful X570M CVN GAMING FROZEN V14 AM4 DDR4 Micro ATX,111.05,AM4,Micro ATX,128,4,WHITE,DDR4,PCIe 4.0 x4,sata_6_gb_s
Gigabyte H110M GA-H110M-S2H GSM DDR4 Micro ATX,259.99,LGA 1151,Micro ATX,32,2,BROWN / BLACK,DDR4,,sata_6_gb_s
Asus Z270 PRIME AR DDR4 ATX,368.49,LGA 1151,ATX,64,4,BLACK / WHITE,DDR4,PCIe 4.0 x4,sata_6_gb_s
ASUS TUF Gaming Z590-PLUS WIFI DDR4 ATX,478.00,LGA 1200,ATX,128,4,GREY / BLACK,DDR4,PCIe 4.0 x4,
ASUS ROG Strix B850-I Gaming WiFi7 W,299.99,AM5,Mini-ITX,128,2,WHITE / GREY,DDR5,PCIe 5.0 x4,sata_6_gb_s
ASRock Z690M PG RIPTIDE/D5 DDR5 Micro ATX,119.66,LGA 1700,Micro ATX,192,4,BLACK / GREY,DDR5,PCIe 4.0 x4,sata_6_gb_s
MSI X299 GAMING PRO CARBON LGA2066 DDR4 ATX,489.00,LGA 2066,ATX,128,8,BLACK / GREY,DDR4,PCIe 4.0 x4,sata_6_gb_s
ASRock B350 AB350M-HDV DDR4 Micro ATX,98.24,AM4,Micro ATX,32,2,BLACK / WHITE,DDR4,PCIe 4.0 x4,sata_6_gb_s
ASUS TUF GAMING B760M-PLUS WIFI II,263.77,LGA 1700,Micro ATX,192,4,BLACK / ORANGE,DDR5,PCIe 4.0 x4,
MSI X470 GAMING M7 AC AM4 DDR4 ATX,376.00,AM4,ATX,64,4,BLACK / GREY,DDR4,PCIe 4.0 x4,sata_6_gb_s
Asus Z890 ROG MAXIMUS HERO BTF LGA1851 DDR5 ATX,329.99,LGA 1851,ATX,256,4,BLACK,DDR5,PCIe 4.0 x4,
MSI B365 PRO-VDH DDR4 Micro ATX,259.99,LGA 1151,Micro ATX,64,4,BLACK / GREY,DDR4,PCIe 4.0 x4,
ASUS TUF GAMING B550M-E,144.83,AM4,Micro ATX,128,4,,DDR4,PCIe 4.0 x4,sata_6_gb_s
Asus TUF GAMING B650-E WIFI,199.99,AM5,ATX,192,4,BLACK / ORANGE,DDR5,PCIe 4.0 x4,
MSI B150M BAZOOKA LGA1151 DDR4 Micro ATX,259.99,LGA 1151,Micro ATX,64,4,BLACK / WHITE,DDR4,,sata_6_gb_s
ASRock Z890M Riptide WiFi DDR5 Micro ATX,149.99,LGA 1851,Micro ATX,256,4,BLACK / GREY,DDR5,PCIe 4.0 x4,
MSI Z690 MEG UNIFY-X DDR5 ATX,239.38,LGA 1700,ATX,96,2,BLACK / GREY,DDR5,PCIe 4.0 x4,sata_6_gb_s
Gigabyte B650E AORUS TACHYON DDR5 ATX,232.67,AM5,ATX,96,2,GREY / BLACK,DDR5,PCIe 4.0 x4,sata_6_gb_s
EVGA P55 P55V LGA1156 DDR3 Micro ATX,124.69,LGA 1156,Micro ATX,16,4,BLACK / GREY,DDR3,,
Gigabyte Z97 GA-Z97M-D3H LGA1150 DDR3 Micro ATX,287.00,LGA 1150,Micro ATX,32,4,BLACK / GOLD,DDR3,,
MSI A520 A520M PRO-VDH DDR4 Micro ATX,110.00,AM4,Micro ATX,128,4,BROWN / BLACK,DDR4,PCIe 4.0 x4,sata_6_gb_s
PRO Z690-A WIFI DDR4,277.50,LGA 1700,ATX,128,4,,DDR4,PCIe 4.0 x4,sata_6_gb_s
Gigabyte AMD 785G GA-MA785GM-US2H AM3/AM2+/AM2 DDR2 Micro ATX,199.99,AM3,Micro ATX,16,4,RGB,DDR2,,sata_3_gb_s
Gigabyte Z170X UD3 DDR4 ATX,266.00,LGA 1151,ATX,64,4,BLACK / GOLD,DDR4,PCIe 4.0 x4,sata_6_gb_s
Asus H87 PLUS LGA1150 DDR3 ATX,411.98,LGA 1150,ATX,32,4,BLACK / GOLD,DDR3,,sata_6_gb_s
Gigabyte H370M DS3H DDR4 Micro ATX,259.99,LGA 1151,Micro ATX,64,4,GREY / BLACK,DDR4,PCIe 4.0 x4,sata_6_gb_s
Gigabyte H170 GA-H170-D3HP LGA1151 DDR4 ATX,266.00,LGA 1151,ATX,64,4,BLACK / GOLD,DDR4,PCIe 4.0 x4,sata_6_gb_s
MSI B850 PRO B850-VC WIFI6E AM5 DDR5 ATX,244.94,AM5,ATX,256,4,BLACK,DDR5,PCIe 4.0 x4,
MSI AMD 970 970A GAMING PRO CARBON AM3+/AM3 DDR3 ATX,142.20,AM3+,ATX,32,4,BLACK / GREY,DDR3,PCIe 4.0 x4,
Asus H610 PRIME H610M-E LGA1700 DDR5 Micro ATX,184.43,LGA 1700,Micro ATX,96,2,GREY / BLACK,DDR5,PCIe 4.0 x4,sata_6_gb_s
Gigabyte H81 GA-H81M-S2PV DDR3 Micro ATX,287.00,LGA 1150,Micro ATX,16,2,BLACK,DDR3,,sata_3_gb_s; sata_6_gb_s
MSI MEG X870E GODLIKE X EDITION,799.99,AM5,EATX,256,4,BLACK,DDR5,PCIe 5.0 x4; PCIe 4.0 x4; PCIe 4.0 x2,sata_6_gb_s
ASRock Z270 Pro4 LGA1151 DDR4 ATX,418.00,LGA 1151,ATX,64,4,BLACK / WHITE,DDR4,PCIe 4.0 x4,sata_6_gb_s
MSI C232 E3 KRAIT GAMING V5 LGA1151 DDR4 ATX,390.78,LGA 1151,ATX,64,4,BLACK / WHITE,DDR4,PCIe 4.0 x4,
Gigabyte P45 GA-EP45T-UD3LR DDR3 ATX,73.39,LGA 775,ATX,16,4,RGB,DDR3,,sata_3_gb_s
Asus TUF GAMING A520M-PLUS WIFI AM4 DDR4 Micro ATX,144.83,AM4,Micro ATX,128,4,BLACK / ORANGE,DDR4,PCIe 3.0 x4,sata_6_gb_s
Asus B365 ROG STRIX B365-F GAMING LGA1151 DDR4 ATX,368.49,LGA 1151,ATX,64,4,,DDR4,PCIe 4.0 x4,sata_6_gb_s
ASRock X79 Extreme7 LGA2011 DDR3 ATX,668.15,LGA 2011,ATX,48,6,BLACK / GREY,DDR3,,sata_3_gb_s; sata_6_gb_s
MSI X470 GAMING PLUS AM4 DDR4 ATX,376.00,AM4,ATX,128,4,RED / BLACK,DDR4,PCIe 4.0 x4,
ASUS PRIME B760M-R D4-CSM,184.43,LGA 1700,Micro ATX,64,2,BLACK / GREY,DDR4,PCIe 4.0 x4,sata_6_gb_s
MSI MPG X870E CARBON MAX WIFI,244.94,AM5,ATX,256,4,RGB / BLACK,DDR5,PCIe 5.0 x4; PCIe 4.0 x4,sata_6_gb_s
MSI B650 PRO B650M-A AM5 DDR5 Micro ATX,189.49,AM5,Micro ATX,192,4,BLACK / GREY,DDR5,PCIe 4.0 x4,sata_6_gb_s
MSI MPG Z390M GAMING EDGE AC LGA 1151 (300 Series) Intel Z390 SATA 6Gb/s Micro ATX Intel Motherboard,259.99,LGA 1151,Micro ATX,128,4,,DDR4,PCIe 3.0 x4 and SATA 6Gb/s,sata_6_gb_s
Asus Z170 MAXIMUS VIII EXTREME LGA1151 WIFI DDR4 EATX,650.00,LGA 1151,EATX,64,4,BLACK / RED,DDR4,PCIe 4.0 x4,sata_6_gb_s
Gigabyte B450 M S2H DDR4 Micro ATX,109.99,AM4,Micro ATX,32,2,BLACK,DDR4,PCIe 4.0 x4,
MSI A320M-A PRO,110.00,AM4,Micro ATX,32,2,,DDR4,PCIe 3.0 x4,sata_6_gb_s
Gigabyte Z370 AORUS GAMING WIFI (rev. 1.0) DDR4 ATX,266.00,LGA 1151,ATX,64,4,BLACK / RED,DDR4,PCIe 4.0 x4,sata_6_gb_s
ASUS PRIME B460-PLUS LGA 1200 Intel B460 SATA 6Gb/s ATX Intel Motherboard,478.00,LGA 1200,ATX,128,4,,DDR4,PCIE 3.0 x4 & SATA; PCIE 3.0 x4,sata_6_gb_s
Asus H610 PRIME H610I-PLUS DDR5 Mini ITX,222.84,LGA 1700,Mini-ITX,96,2,BLACK / GREY,DDR5,PCIe 4.0 x4,sata_6_gb_s
MSI B560 M PRO-E DDR4 Micro ATX,299.99,LGA 1200,Micro ATX,64,2,BLACK,DDR4,PCIe 4.0 x4,
Asus Z390 PRIME Z390M-PLUS DDR4 Micro ATX,173.25,LGA 1151,Micro ATX,128,4,WHITE / BLACK,DDR4,PCIe 4.0 x4,sata_6_gb_s
ASRock H510M HDV/M.2 SE DDR4 Micro ATX,248.99,LGA 1200,Micro ATX,64,2,BLACK / GREY,DDR4,PCIe 4.0 x4,
MSI A520M MAG VECTOR WIFI AM4 DDR4 Micro ATX,110.00,AM4,Micro ATX,64,2,BLACK,DDR4,PCIe 4.0 x4,sata_6_gb_s
MSI Z590 MEG UNIFY-X DDR4 ATX,390.74,LGA 1200,ATX,128,4,BLACK,DDR4,PCIe 4.0 x4,sata_6_gb_s
ASRock X79 Extreme6 LGA2011 DDR3 ATX,668.15,LGA 2011,ATX,64,8,BLACK / GREY,DDR3,,sata_3_gb_s; sata_6_gb_s
Asus H510 PRIME H510M-K DDR4 Micro ATX,155.55,LGA 1200,Micro ATX,64,2,BLACK / GREY,DDR4,PCIe 4.0 x4,
Asus Z690 PRIME Z690-P DDR5 ATX,309.99,LGA 1700,ATX,192,4,GREY / BLACK,DDR5,PCIe 4.0 x4,sata_6_gb_s
MSI B760M MAG MORTAR MAX WIFI DDR4 Micro ATX,154.99,LGA 1700,Micro ATX,128,4,GREY / BLACK,DDR4,PCIe 4.0 x4,sata_6_gb_s
ASUS PRIME B650M-A AX6 II,209.99,AM5,Micro ATX,192,4,GREY / BLACK,DDR5,PCIe 4.0 x4,
NZXT Z590 N7 LGA1200 DDR4 ATX,399.99,LGA 1200,ATX,128,4,WHITE,DDR4,PCIe 4.0 x4,sata_6_gb_s
Asus A620 PRIME A620AM-K-CSM AM5 DDR5 Micro ATX,209.99,AM5,Micro ATX,128,2,BLACK,DDR5,PCIe 4.0 x4,
MSI Z590 MPG GAMING FORCE DDR4 ATX,390.74,LGA 1200,ATX,128,4,BLACK,DDR4,PCIe 4.0 x4,sata_6_gb_s
Gigabyte B840M D2H AM5 DDR5 Micro ATX,169.54,AM5,Micro ATX,128,2,GREY / BLACK,DDR5,PCIe 4.0 x4,sata_6_gb_s
Gigabyte B760M GAMING WIFI DDR5 Micro ATX,160.19,LGA 1700,Micro ATX,128,2,GREY / BLACK,DDR5,PCIe 4.0 x4,sata_6_gb_s
ASUS ROG STRIX Z490-G GAMING (WiFi 6),155.55,LGA 1200,Micro ATX,128,4,,DDR4,PCIE 3.0 x4; SATA & PCIE 3.0 x4,sata_6_gb_s
Gigabyte B250 GA-B250M-Gaming 3 DDR4 Micro ATX,259.99,LGA 1151,Micro ATX,64,4,BLACK / RED,DDR4,PCIe 4.0 x4,sata_6_gb_s
Asus H310 PRIME H310M-C/CSM DDR4 Micro ATX,173.25,LGA 1151,Micro ATX,32,2,GREEN / BLACK,DDR4,PCIe 4.0 x4,sata_6_gb_s
ASRock B365M Pro4 DDR4 Micro ATX,259.99,LGA 1151,Micro ATX,64,4,BLACK / GREY,DDR4,PCIe 4.0 x4,
Sapphire NITRO+ B850A WIFI 7,239.50,AM5,ATX,256,4,BLACK / GREY,DDR5,PCIe 5.0 x4; PCIe 4.0 x4,sata_6_gb_s
Gigabyte B650 AORUS ELITE AX DDR5 ATX,232.67,AM5,ATX,192,4,BLACK / GREY,DDR5,PCIe 4.0 x4,
ASUS PRIME B760M-F WIFI-CSM,184.43,LGA 1700,Micro ATX,96,2,BLACK / GREY,DDR5,PCIe 4.0 x4,sata_6_gb_s
Gigabyte GA-A320M-S2H Micro ATX AM4,109.99,AM4,Micro ATX,32,2,,DDR4,NVMe PCIe 3.0 x4 & SATA Mode,sata_6_gb_s
Gigabyte Z690 AORUS ELITE AX (rev. 1.4) DDR5 ATX,262.44,LGA 1700,ATX,128,4,BLACK,DDR5,PCIe 4.0 x4,sata_6_gb_s
Biostar B650 MT AM5 DDR5 Micro ATX,173.58,AM5,Micro ATX,96,2,BLACK / GREY,DDR5,PCIe 4.0 x4,sata_6_gb_s
MSI B360M PRO-VD DDR4 Micro ATX,259.99,LGA 1151,Micro ATX,32,2,BROWN / BLACK,DDR4,PCIe 4.0 x4,sata_6_gb_s
Gigabyte Z170 GA-Z170MX-Gaming 5 DDR4 Micro ATX,259.99,LGA 1151,Micro ATX,64,4,BLACK / RED,DDR4,PCIe 4.0 x4,sata_6_gb_s
ASRock B460 M Pro4 LGA1200 DDR4 Micro ATX,248.99,LGA 1200,Micro ATX,128,4,BLACK / GREY,DDR4,PCIe 4.0 x4,sata_6_gb_s
Gigabyte B850 GAMING X WIFI6E AM5 DDR5 ATX,232.67,AM5,ATX,256,4,GREY / BLACK,DDR5,PCIe 4.0 x4,
ASRock Z790 Nova WiFi DDR5 ATX,202.21,LGA 1700,ATX,192,4,BLACK,DDR5,PCIe 4.0 x4,
Asus ROG STRIX Z890-E GAMING WIFI DDR5 ATX,329.99,LGA 1851,ATX,192,4,BLACK,DDR5,PCIe 4.0 x4,
Asus B150 PRO GAMING/AURA DDR4 ATX,368.49,LGA 1151,ATX,64,4,BLACK / RED,DDR4,PCIe 4.0 x4,sata_6_gb_s
EVGA Z790 CLASSIFIED LGA1700 DDR5 EATX,520.99,LGA 1700,EATX,128,4,BLACK,DDR5,PCIe 4.0 x4,sata_6_gb_s
ROG STRIX X870-F GAMING WIFI,239.50,AM5,ATX,192,4,,DDR5,PCIe 5.0 x4; PCIe 4.0 x4,sata_6_gb_s
Asus PRIME Z690-P WIFI D4 DDR4 ATX,309.99,LGA 1700,ATX,128,4,GREY / BLACK,DDR4,PCIe 4.0 x4,
Gigabyte B860M H LGA1851 DDR5 Micro ATX,169.99,LGA 1851,Micro ATX,128,2,GREY / BLACK,DDR5,PCIe 4.0 x4,sata_6_gb_s
ASUS B850M-E AYW GAMING WIFI-CSM,209.99,AM5,Micro ATX,128,2,WHITE / BLACK / GREY,DDR5,PCIe 5.0 x4; PCIe 4.0 x4,sata_6_gb_s
Biostar A320 MH DDR4 Micro ATX,111.05,AM4,Micro ATX,32,2,BLACK / YELLOW,DDR4,,
Gigabyte B760M AORUS ELITE LGA1700 DDR5 Micro ATX,160.19,LGA 1700,Micro ATX,192,4,BLACK / GREY,DDR5,PCIe 4.0 x4,sata_6_gb_s
MSI B660M MAG BAZOOKA DDR4 Micro ATX,154.99,LGA 1700,Micro ATX,128,4,GREEN / BLACK,DDR4,PCIe 4.0 x4,sata_6_gb_s
Asus Z590 PRIME V DDR4 ATX,478.00,LGA 1200,ATX,128,4,GREY / BLACK,DDR4,PCIe 4.0 x4,sata_6_gb_s
Gigabyte Z890 AORUS MASTER AI TOP DDR5 EATX,819.49,LGA 1851,EATX,256,4,BLACK / GREY,DDR5,PCIe 4.0 x4,sata_6_gb_s
Asus AMD 760G M5A78L-M LX PLUS AM3+ DDR3 Micro ATX,251.98,AM3+,Micro ATX,16,2,BLACK / BLUE,DDR3,,sata_3_gb_s
Gigabyte H110M S2H DDR4 Micro ATX,259.99,LGA 1151,Micro ATX,32,2,BLACK,DDR4,,sata_6_gb_s
MSI Z790 GAMING WIFI DDR5 ATX,239.38,LGA 1700,ATX,192,4,BLACK,DDR5,PCIe 4.0 x4,sata_6_gb_s
Gigabyte P45 GA-EP45-UD3L LGA775 DDR2 ATX,73.39,LGA 775,ATX,16,4,RGB,DDR2,,sata_3_gb_s
Gigabyte H370 HD3 LGA1151 DDR4 ATX,266.00,LGA 1151,ATX,64,4,BLACK / GREY,DDR4,PCIe 4.0 x4,sata_6_gb_s
ASUS B850 MAX GAMING WIFI-CSM,254.25,AM5,ATX,256,4,BLACK / GREY / GOLD,DDR5,PCIe 5.0 x4; PCIe 4.0 x4; PCIe 4.0 x2,sata_6_gb_s
Asus X570 TUF GAMING X570-PLUS DDR4 ATX,269.27,AM4,ATX,128,4,BLACK / GOLD,DDR4,PCIe 4.0 x4,
MSI Z590 PRO WIFI LGA1200 DDR4 ATX,390.74,LGA 1200,ATX,128,4,BLACK,DDR4,PCIe 4.0 x4,
Gigabyte Z270 GA-Z270X-Gaming 7 DDR4 ATX,266.00,LGA 1151,ATX,64,4,BLACK / WHITE,DDR4,PCIe 4.0 x4,sata_6_gb_s
Gigabyte Z370 AORUS ULTRA GAMING WIFI DDR4 ATX,266.00,LGA 1151,ATX,64,4,BLACK,DDR4,PCIe 4.0 x4,sata_6_gb_s
Asus Z790-I ROG STRIX GAMING WIFI LGA1700 DDR5 Mini ITX,222.84,LGA 1700,Mini-ITX,96,2,BLACK,DDR5,PCIe 4.0 x4,
MSI MEG B550 UNIFY,376.00,AM4,ATX,128,4,BLACK / GREY,DDR4,PCIe 4.0 x4,sata_6_gb_s
Gigabyte Z490I AORUS ULTRA DDR4 Mini ITX,479.00,LGA 1200,Mini-ITX,64,2,BLACK / GREY,DDR4,PCIe 4.0 x4,sata_6_gb_s
MSI A320M PRO-M2 V2 AM4 DDR4 Micro ATX,110.00,AM4,Micro ATX,32,2,BROWN / BLACK,DDR4,PCIe 4.0 x4,sata_6_gb_s
MSI Z170A KRAIT GAMING DDR4 ATX,390.78,LGA 1151,ATX,64,4,BLACK / WHITE,DDR4,PCIe 4.0 x4,sata_6_gb_s
Asus H370 TUF H370-Pro Gaming (WI-FI) DDR4 ATX,368.49,LGA 1151,ATX,64,4,BLACK / GREY,DDR4,PCIe 4.0 x4,sata_6_gb_s
MSI B550M PRO,110.00,AM4,Micro ATX,64,2,BLACK,DDR4,PCIe 4.0 x4,sata_6_gb_s
MSI Z590 MPG GAMING CARBON WIFI DDR4 ATX,390.74,LGA 1200,ATX,128,4,BLACK,DDR4,PCIe 4.0 x4,
MSI AMD 970 970A-G43 AM3+ DDR3 ATX,142.20,AM3+,ATX,32,4,BLACK / BLUE,DDR3,,sata_6_gb_s
Gigabyte B660 DS3H LGA1700 DDR4 ATX,262.44,LGA 1700,ATX,128,4,BLACK,DDR4,PCIe 4.0 x4,
ASRock B650 M-H/M.2+ DDR5 Micro ATX,149.46,AM5,Micro ATX,128,2,GREY / BLACK,DDR5,PCIe 5.0 x4; PCIe 4.0 x4,sata_6_gb_s
Gigabyte B650M GAMING WIFI6E AM5 DDR5 ATX,232.67,AM5,ATX,128,2,GREY / BLACK,DDR5,PCIe 4.0 x4,
ASUS ROG STRIX B560-F GAMING WIFI DDR4 ATX,478.00,LGA 1200,ATX,128,4,BLACK / GREY,DDR4,PCIe 4.0 x4,sata_6_gb_s
Gigabyte B365 B365M DS3H LGA1151 DDR4 Micro ATX,259.99,LGA 1151,Micro ATX,64,4,BLACK,DDR4,PCIe 4.0 x4,
Gigabyte Z890M AORUS ELITE WIFI7 DDR5 Micro ATX,169.99,LGA 1851,Micro ATX,256,4,BLACK,DDR5,PCIe 4.0 x4,sata_6_gb_s
MSI PRO Z890-S WIFI,229.99,LGA 1851,ATX,256,4,BLACK / GREY,DDR5,PCIe 5.0 x4; PCIe 4.0 x4,sata_6_gb_s
ASUS TUF GAMING B760-PLUS WIFI,159.99,LGA 1700,ATX,192,4,BLACK,DDR5,PCIe 4.0 x4,
ASRock Z390M Pro4 DDR4 Micro ATX,259.99,LGA 1151,Micro ATX,128,4,BLACK / GREY,DDR4,PCIe 4.0 x4,sata_6_gb_s
Gigabyte C246 N-WU2 LGA1151 DDR4 Mini ITX,321.50,LGA 1151,Mini-ITX,64,2,BLACK,DDR4,PCIe 4.0 x4,sata_6_gb_s
ASRock A520M Pro4 AM4 DDR4 Micro ATX,98.24,AM4,Micro ATX,128,4,BLACK / GREY,DDR4,PCIe 4.0 x4,
Asus X79 Sabertooth DDR3 ATX,668.15,LGA 2011,ATX,64,8,BROWN / BLACK,DDR3,,sata_3_gb_s; sata_6_gb_s
MSI Z690 MAG TORPEDO LGA1700 DDR5 ATX,239.38,LGA 1700,ATX,192,4,BLUE / BLACK,DDR5,PCIe 4.0 x4,sata_6_gb_s
Gigabyte H110 GA-H110M-A DDR4 Micro ATX,259.99,LGA 1151,Micro ATX,32,2,BLACK,DDR4,,
ASRock H270 M-ITX/ac LGA1151 DDR4 Mini ITX,321.50,LGA 1151,Mini-ITX,32,2,BLACK / GREY,DDR4,PCIe 4.0 x4,sata_6_gb_s
Gigabyte B760I AORUS PRO DDR5 Mini ITX,204.99,LGA 1700,Mini-ITX,96,2,GREY / BLACK,DDR5,PCIe 4.0 x4,
Gigabyte Z790 AORUS ELITE X DDR5 ATX,262.44,LGA 1700,ATX,192,4,BLACK,DDR5,PCIe 4.0 x4,sata_6_gb_s
Asus B860 M-BRO-CSM LGA1851 DDR5 Micro ATX,209.99,LGA 1851,Micro ATX,128,2,WHITE / BLACK,DDR5,PCIe 4.0 x4,sata_6_gb_s
MSI MEG Z390 ACE,406.64,LGA 1151,ATX,128,4,,DDR4,PCIe 3.0 x4,sata_6_gb_s
ASRock H110 M-DGS DDR4 Micro ATX,259.99,LGA 1151,Micro ATX,32,2,BLACK / ORANGE,DDR4,,sata_6_gb_s
EVGA Z370 Micro ATX Micro ATX LGA1151 DDR4 Micro ATX,259.99,LGA 1151,Micro ATX,32,2,BLACK / GREY,DDR4,PCIe 4.0 x4,sata_6_gb_s
Biostar P43 D3 LGA775 DDR3 ATX,73.39,LGA 775,ATX,4,2,RGB,DDR3,,sata_3_gb_s
ASUS PRIME B760M-A,184.43,LGA 1700,Micro ATX,128,4,GREY / BLACK,DDR5,PCIe 4.0 x4,sata_6_gb_s
ASRock H370M-HDV/M.2,259.99,LGA 1151,Micro ATX,64,2,BLACK,DDR4,SATA / PCIe 3.0 x4,sata_6_gb_s
MSI Z170I GAMING PRO AC DDR4 Mini ITX,321.50,LGA 1151,Mini-ITX,32,2,BLACK / RED,DDR4,PCIe 4.0 x4,sata_6_gb_s
MSI MAG B560M MORTAR WIFI DDR4 Micro ATX,299.99,LGA 1200,Micro ATX,128,4,BLACK / WHITE,DDR4,PCIe 4.0 x4,
ASUS PRIME B450M-A/CSM,199.00,AM4,Micro ATX,128,4,,DDR4,PCIE 3.0 x4,sata_6_gb_s
Gigabyte A620 I AX DDR5 Mini ITX,237.00,AM5,Mini-ITX,96,2,BLACK / GREY,DDR5,PCIe 4.0 x4,
H470 AORUS PRO AX,399.99,LGA 1200,ATX,128,4,,DDR4,PCIe 3.0 x4,sata_6_gb_s
Gigabyte H410M S2 V3 DDR4 Micro ATX,159.00,LGA 1200,Micro ATX,64,2,BLACK / GREY,DDR4,PCIe 4.0 x4,sata_6_gb_s
ASUS ROG STRIX B850-A GAMING WIFI7 NEO,254.25,AM5,ATX,256,4,WHITE / GREY / RGB,DDR5,PCIe 5.0 x4; PCIe 4.0 x4,sata_6_gb_s
ASUS B660 ProArt CREATOR D4 DDR4 ATX,309.99,LGA 1700,ATX,128,4,BLACK,DDR4,PCIe 4.0 x4,
ASRock B550 PG Velocita DDR4 ATX,184.99,AM4,ATX,128,4,GREY / BLACK,DDR4,PCIe 4.0 x4,
Supermicro Q370 MBD-X11SCV-Q-O LGA1151 DDR4 Mini ITX,293.41,LGA 1151,Mini-ITX,64,2,GREEN / BLACK,DDR4,PCIe 4.0 x4,sata_6_gb_s
ASUS PRIME B650M-A AX6,209.99,AM5,Micro ATX,192,4,BLACK / GREY,DDR5,PCIe 4.0 x4,sata_6_gb_s
ASUS Z270 PRIME Z270-P DDR4 ATX,368.49,LGA 1151,ATX,64,4,BLACK / GREY,DDR4,PCIe 4.0 x4,
Gigabyte Z370 Z370N WIFI DDR4 Mini ITX,321.50,LGA 1151,Mini-ITX,32,2,BLACK / WHITE,DDR4,PCIe 4.0 x4,sata_6_gb_s
ASUS PRIME B850-PLUS WIFI,199.99,AM5,ATX,256,4,BLACK / GREY,DDR5,PCIe 5.0 x4; PCIe 4.0 x4; PCIe 4.0 x2,sata_6_gb_s
MSI B85 G43 LGA1150 DDR3 ATX,411.98,LGA 1150,ATX,32,4,BLACK / BLUE,DDR3,,sata_3_gb_s; sata_6_gb_s
Asus H110 M-A/M.2 LGA1151 DDR4 Micro ATX,173.25,LGA 1151,Micro ATX,32,2,BLACK / GOLD,DDR4,PCIe 4.0 x4,sata_6_gb_s
Gigabyte Z790 AORUS XTREME,520.99,LGA 1700,EATX,128,4,,DDR5,PCIe 5.0 x4/x2; PCIe 4.0 x4/x2; PCIe 4.0 x4/ x2,sata_6_gb_s
MSI H55 M-E23 LGA1156 DDR3 Micro ATX,124.69,LGA 1156,Micro ATX,8,2,BLACK / BLUE,DDR3,,sata_3_gb_s
Gigabyte X570S UD AM4 DDR4 ATX,277.00,AM4,ATX,128,4,BLACK / GREY,DDR4,PCIe 4.0 x4,
Asus H610 PRIME H610M-A LGA1700 DDR5 Micro ATX,184.43,LGA 1700,Micro ATX,96,2,GREY / BLACK,DDR5,PCIe 4.0 x4,sata_6_gb_s
Gigabyte B560M AORUS ELITE LGA1200 DDR4 Micro ATX,159.00,LGA 1200,Micro ATX,128,4,BLACK,DDR4,PCIe 4.0 x4,sata_6_gb_s
Gigabyte C232 MW21-SE0 LGA1151 DDR4 Micro ATX,259.99,LGA 1151,Micro ATX,64,4,BLACK / BLUE,DDR4,,
Asus PRIME B860M-A WIFI-CSM DDR5 Micro ATX,209.99,LGA 1851,Micro ATX,256,4,GREY / BLACK,DDR5,PCIe 5.0 x4; PCIe 4.0 x4,sata_6_gb_s
EVGA Z370 FTW LGA1151 DDR4 ATX,367.51,LGA 1151,ATX,64,4,BLACK,DDR4,PCIe 4.0 x4,sata_6_gb_s
ASUS ROG STRIX B760-A GAMING WIFI,229.99,LGA 1700,ATX,192,4,GREY / BLACK,DDR5,PCIe 4.0 x4,
Gigabyte Z790 GAMING PLUS AX DDR5 ATX,262.44,LGA 1700,ATX,192,4,BLACK / GREY,DDR5,PCIe 4.0 x4,
Gigabyte B560 M D3H LGA1200 DDR4 Micro ATX,159.00,LGA 1200,Micro ATX,128,4,BROWN / BLACK,DDR4,PCIe 4.0 x4,sata_6_gb_s
Supermicro Intel C602 X9SRI-F-O LGA2011 DDR3 ATX,740.00,LGA 2011,ATX,64,8,GREEN,DDR3,,sata_3_gb_s; sata_6_gb_s
MSI B250M MORTAR ARCTIC DDR4 Micro ATX,259.99,LGA 1151,Micro ATX,64,4,WHITE,DDR4,PCIe 4.0 x4,sata_6_gb_s
X570 Phantom Gaming-ITX/TB3 Mini ITX Thunderbolt 3 AMD Motherboard Model X570 Phantom GAM ITX,150.01,AM4,Mini-ITX,64,2,,DDR4,PCIe 4.0 x4 / SATA + PCIe,sata_6_gb_s
MSI H110 H110M ECO DDR4 Micro ATX,259.99,LGA 1151,Micro ATX,32,2,BLACK,DDR4,,sata_6_gb_s
Gigabyte Z390 AORUS MASTER WIFI DDR4 ATX,266.00,LGA 1151,ATX,128,4,BLACK / GREY,DDR4,PCIe 4.0 x4,
Gigabyte Z890 AERO G DDR5 ATX,225.05,LGA 1851,ATX,256,4,WHITE / GREY,DDR5,PCIe 5.0 x4; PCIe 4.0 x4,sata_6_gb_s
ASRock Z890 Pro-A WiFi,199.99,LGA 1851,ATX,256,4,BLACK / GREY,DDR5,PCIe 4.0 x4,
Gigabyte Z790 AORUS ELITE X WIFI7 DDR5 ATX,262.44,LGA 1700,ATX,192,4,BLACK,DDR5,PCIe 4.0 x4,
Gigabyte B450M GAMING AM4 DDR4 Micro ATX,109.99,AM4,Micro ATX,32,2,RED / BLACK,DDR4,PCIe 4.0 x4,
MSI Z390 MPG GAMING PRO CARBON AC DDR4 ATX,390.78,LGA 1151,ATX,128,4,BLACK / GREY,DDR4,PCIe 4.0 x4,
Asus Intel X79 Rampage IV Formula LGA2011 DDR3 ATX,668.15,LGA 2011,ATX,32,4,BLACK / RED,DDR3,,sata_3_gb_s; sata_6_gb_s
Asus AMD 890GX M4A89GTD PRO/USB3 AM3 DDR3 ATX,142.20,AM3,ATX,16,4,BLACK / BLUE,DDR3,,sata_6_gb_s
Asus B860 PRIME B860M-A LGA1851 DDR5 Micro ATX,209.99,LGA 1851,Micro ATX,256,4,GREY / BLACK,DDR5,PCIe 5.0 x4; PCIe 4.0 x4,sata_6_gb_s
MSI B350 PC MATE AM4 DDR4 ATX,376.00,AM4,ATX,64,4,BLACK,DDR4,PCIe 4.0 x4,
Gigabyte Z370 XP SLI (rev. 1.0) DDR4 ATX,266.00,LGA 1151,ATX,64,4,BLACK / WHITE,DDR4,PCIe 4.0 x4,sata_6_gb_s
NZXT Z390 N7 WIFI LGA1151 DDR4 ATX,367.51,LGA 1151,ATX,64,4,WHITE / BLACK,DDR4,PCIe 4.0 x4,sata_6_gb_s
MSI H510 I PRO WIFI DDR4 Mini ITX,479.00,LGA 1200,Mini-ITX,64,2,BLACK / GREY,DDR4,PCIe 4.0 x4,sata_6_gb_s
ASUS PRIME B760M-A WIFI II,184.43,LGA 1700,Micro ATX,256,4,BLACK / GREY,DDR5,PCIe 4.0 x4,sata_6_gb_s
MSI H310M PRO-VDH DDR4 Micro ATX,259.99,LGA 1151,Micro ATX,32,2,BROWN / BLACK,DDR4,,sata_6_gb_s
ASRock B450 Pro4 ATX AM4,184.99,AM4,ATX,64,4,,DDR4,PCIe 4.0 x4,sata_6_gb_s
ASRock B760I Lightning WiFi LGA1700 DDR5 Mini ITX,215.82,LGA 1700,Mini-ITX,128,2,BLACK,DDR5,PCIe 4.0 x4,sata_6_gb_s
Colorful B760I CVN FROZEN WIFI V20 DDR4 Mini ITX,215.82,LGA 1700,Mini-ITX,64,2,WHITE / BLACK,DDR4,PCIe 4.0 x4,sata_6_gb_s
ASRock Z590 Extreme WiFi 6E DDR4 ATX LGA1200,794.25,LGA 1200,ATX,128,4,BLACK / BLUE,DDR4,PCIe 4.0 x4,sata_6_gb_s
Gigabyte Z690 AORUS ULTRA LGA1700 DDR5 ATX,262.44,LGA 1700,ATX,192,4,BLACK,DDR5,PCIe 4.0 x4,sata_6_gb_s
MSI Z97 G55 SLI DDR3 ATX,411.98,LGA 1150,ATX,32,4,BLACK / BLUE,DDR3,PCIe 4.0 x4,sata_6_gb_s
ASUS PRIME B560-PLUS LGA 1200 ATX Motherboard,478.00,LGA 1200,ATX,128,4,,DDR4,PCIE 4.0 x4; PCIE 3.0 x4 & SATA mode,sata_6_gb_s
EVGA Z170 Classified K LGA1151 DDR4 ATX,367.51,LGA 1151,ATX,64,4,BLACK / RED,DDR4,PCIe 4.0 x4,
ASRock B760 M-H2/M.2 DDR5 Micro ATX,119.66,LGA 1700,Micro ATX,96,2,BLACK / GREY,DDR5,PCIe 4.0 x4,
ASRock B560M ITX/ac LGA1200 DDR4 Mini ITX,479.00,LGA 1200,Mini-ITX,64,2,GREY / BLACK,DDR4,PCIe 4.0 x4,sata_6_gb_s
Supermicro Intel C232 MBD-X11SSL-O LGA1151 DDR4 Micro ATX,402.52,LGA 1151,Micro ATX,64,4,BLACK / GREEN,DDR4,,sata_6_gb_s
MSI B660 PRO M-P WIFI DDR4 Micro ATX,154.99,LGA 1700,Micro ATX,128,4,BLACK,DDR4,PCIe 4.0 x4,sata_6_gb_s
Gigabyte Q370 Q370M D3H GSM PLUS DDR4 Micro ATX,259.99,LGA 1151,Micro ATX,64,4,BLACK,DDR4,PCIe 4.0 x4,sata_6_gb_s
ASRock Z170 Pro4/D3 DDR3 ATX,418.00,LGA 1151,ATX,64,4,BLACK / ORANGE,DDR3,,sata_6_gb_s
MSI Z490 MPG GAMING PLUS LGA1200 DDR4 ATX,390.74,LGA 1200,ATX,128,4,BLACK / GREY,DDR4,PCIe 4.0 x4,
Asus B560 TUF GAMING B560M-PLUS WIFI LGA1200 DDR4 Micro ATX,155.55,LGA 1200,Micro ATX,128,4,GOLD / BLACK,DDR4,PCIe 4.0 x4,
ASRock H570 Phantom Gaming 4 DDR4 ATX,794.25,LGA 1200,ATX,128,4,GREY / BLACK,DDR4,PCIe 4.0 x4,sata_6_gb_s
Asus ROG STRIX Z690-E GAMING WIFI DDR5 ATX,309.99,LGA 1700,ATX,192,4,BLACK,DDR5,PCIe 4.0 x4,
ASRock X670E Pro RS AM5 DDR5 ATX,199.99,AM5,ATX,256,4,BLACK,DDR5,PCIe 4.0 x4,
B460 AORUS PRO AC,399.99,LGA 1200,ATX,128,4,,DDR4,PCIe x4/x2 SSD,sata_6_gb_s
Asus NVIDIA GeForce 7025 M4N68T-M V2 AM3 DDR3 Micro ATX,251.98,AM3,Micro ATX,16,2,BLACK / BLUE,DDR3,,sata_3_gb_s
Asus H170 PRO LGA1151 DDR4 ATX,368.49,LGA 1151,ATX,64,4,BLACK / GOLD,DDR4,PCIe 4.0 x4,sata_6_gb_s
Gigabyte B550 AORUS PRO AX AM4 DDR4 ATX,277.00,AM4,ATX,128,4,BLACK,DDR4,PCIe 4.0 x4,sata_6_gb_s
Gigabyte B460M AORUS ELITE DDR4 Micro ATX,159.00,LGA 1200,Micro ATX,128,4,BLACK / ORANGE,DDR4,PCIe 4.0 x4,sata_6_gb_s
Asus C232 E3 PRO GAMING V5 DDR4 ATX,368.49,LGA 1151,ATX,64,4,BLACK / RED,DDR4,PCIe 4.0 x4,sata_6_gb_s
Asus H55 P7H55-M LE LGA1156 DDR3 Micro ATX,124.69,LGA 1156,Micro ATX,8,2,BLACK / BLUE,DDR3,,sata_3_gb_s
Asus C246 WS C246 PRO DDR4 ATX,368.49,LGA 1151,ATX,64,4,BLACK / GREY,DDR4,PCIe 4.0 x4,sata_6_gb_s
ASUS ROG STRIX B450-I GAMING,150.01,AM4,Mini-ITX,32,2,,DDR4,PCIE 3.0 x4 and SATA; PCIE 3.0 x4,sata_6_gb_s
ASRock X570 Extreme4 AM4 DDR4 ATX,184.99,AM4,ATX,128,4,BLACK / GREY,DDR4,PCIe 4.0 x4,sata_6_gb_s
Gigabyte H170 GA-GAMING 3 DDR4 ATX,266.00,LGA 1151,ATX,64,4,BLACK / RED,DDR4,PCIe 4.0 x4,sata_6_gb_s
ASRock Z170M Extreme4 DDR4 Micro ATX,259.99,LGA 1151,Micro ATX,64,4,BLACK / ORANGE,DDR4,PCIe 4.0 x4,sata_6_gb_s
Colorful B460I CVN GAMING FROZEN V20 DDR4 Mini ITX,479.00,LGA 1200,Mini-ITX,64,2,WHITE / BLACK,DDR4,PCIe 4.0 x4,sata_6_gb_s
ASRock B550 Extreme4 DDR4 ATX,184.99,AM4,ATX,128,4,BLUE / BLACK,DDR4,PCIe 4.0 x4,
Gigabyte H370 AORUS Gaming 3 WIFI DDR4 ATX,266.00,LGA 1151,ATX,64,4,BLACK / ORANGE,DDR4,PCIe 4.0 x4,sata_6_gb_s
MSI B650M GAMING PLUS WIFI DDR5 Micro ATX,189.49,AM5,Micro ATX,192,4,GREY / BLACK,DDR5,PCIe 4.0 x4,
MSI H610 PRO H610M-G LGA1700 DDR4 Micro ATX,154.99,LGA 1700,Micro ATX,64,2,BLACK / GREY,DDR4,PCIe 4.0 x4,
MSI Z390 MPG GAMING PLUS DDR4 ATX,390.78,LGA 1151,ATX,128,4,BLACK / RED,DDR4,PCIe 4.0 x4,
ASRock Z790 PG Lightning/D4 LGA1700 DDR4 ATX,202.21,LGA 1700,ATX,128,4,BLACK,DDR4,PCIe 4.0 x4,sata_6_gb_s
ASRock X670E Taichi Carrara,799.99,AM5,EATX,128,4,,DDR5,PCIe Gen4 x4,sata_6_gb_s
MSI Z97 Z97A GAMING 6 DDR3 ATX,411.98,LGA 1150,ATX,32,4,BLACK / RED,DDR3,PCIe 4.0 x4,sata_6_gb_s
Asus ROG STRIX B250I GAMING DDR4 Mini ITX,321.50,LGA 1151,Mini-ITX,32,2,BLACK,DDR4,PCIe 4.0 x4,sata_6_gb_s
Asus ROG STRIX B650E-F GAMING WIFI DDR5 ATX,254.25,AM5,ATX,128,4,BLACK / GREY,DDR5,PCIe 5.0 x4; PCIe 4.0 x4,sata_6_gb_s
ASRock AB350 Pro4,184.99,AM4,ATX,64,4,,DDR4,PCIe Gen3 x4; SATA3 6.0 Gb/s,sata_6_gb_s
Gigabyte Z690M AORUS ELITE AX DDR4,265.89,LGA 1700,Micro ATX,128,4,BLACK,DDR4,PCIe 4.0 x4,sata_6_gb_s
Asus 760G M5A78L-M LE/USB3 AM3+ DDR3 Micro ATX,251.98,AM3+,Micro ATX,16,2,BLACK / BLUE,DDR3,,sata_3_gb_s
Gigabyte AMD 760G GA-78LMT-S2 AM3+ DDR3 Micro ATX,199.99,AM3+,Micro ATX,16,2,BLUE / WHITE,DDR3,,sata_3_gb_s
MSI X470 GAMING PRO CARBON AM4 DDR4 ATX,376.00,AM4,ATX,64,4,BLACK / GREY,DDR4,PCIe 4.0 x4,sata_6_gb_s
MSI H370 GAMING PLUS DDR4 ATX,390.78,LGA 1151,ATX,64,4,BLACK / RED,DDR4,PCIe 4.0 x4,sata_6_gb_s
Gigabyte H270 GA-H270N-WIFI LGA1151 DDR4 Mini ITX,321.50,LGA 1151,Mini-ITX,32,2,BLACK / GREY,DDR4,PCIe 4.0 x4,
TUF Z390M-PRO GAMING,259.99,LGA 1151,Micro ATX,64,4,,DDR4,PCIe 3.0 x4 & SATA; PCIe 3.0 x4,sata_6_gb_s
Asus Z590 ROG STRIX Z590-F GAMING WIFI DDR4 ATX,478.00,LGA 1200,ATX,128,4,BLACK / GREY,DDR4,PCIe 4.0 x4,sata_6_gb_s
Gigabyte B550 AORUS MASTER DDR4 ATX,277.00,AM4,ATX,128,4,BLACK / GREY,DDR4,PCIe 4.0 x4,sata_6_gb_s
Biostar H610 MX-E LGA1700 DDR4 Micro ATX,152.52,LGA 1700,Micro ATX,64,2,GREY / BLACK,DDR4,PCIe 4.0 x4,sata_6_gb_s
Asus Z590 TUF GAMING PLUS DDR4 ATX,478.00,LGA 1200,ATX,128,4,GREY / BLACK,DDR4,PCIe 4.0 x4,sata_6_gb_s
ASRock X370 M-HDV AM4 DDR4 Micro ATX,98.24,AM4,Micro ATX,32,2,BLACK / GREY,DDR4,PCIe 4.0 x4,sata_6_gb_s
Asus H270 STRIX H270F GAMING LGA1151 DDR4 ATX,368.49,LGA 1151,ATX,64,4,BLACK / GREY,DDR4,PCIe 4.0 x4,sata_6_gb_s
ASRock H270 Pro4 LGA1151 DDR4 ATX,418.00,LGA 1151,ATX,64,4,BLACK / WHITE,DDR4,PCIe 4.0 x4,sata_6_gb_s
MSI B450M MORTAR MAX AM4 DDR4 Micro ATX,110.00,AM4,Micro ATX,128,4,BLACK,DDR4,PCIe 4.0 x4,
MSI H81 H81M-E35 DDR3 Micro ATX,287.00,LGA 1150,Micro ATX,16,2,BLACK / BLUE,DDR3,,sata_3_gb_s; sata_6_gb_s
ASRock Z490 Phantom Gaming 4 DDR4 ATX,794.25,LGA 1200,ATX,128,4,BLACK / GREY,DDR4,PCIe 4.0 x4,sata_6_gb_s
Asus X670E PRIME PRO WIFI-CSM AM5 DDR5 ATX,254.25,AM5,ATX,192,4,GREY / BLACK,DDR5,PCIe 4.0 x4,sata_6_gb_s
Biostar B650M X3D PRO+ AM5 DDR5 Micro ATX,173.58,AM5,Micro ATX,192,4,BLACK / GREY,DDR5,PCIe 4.0 x4,
ASUS TUF GAMING B850M-PLUS II,209.99,AM5,Micro ATX,256,4,BLACK,DDR5,PCIe 4.0 x4,
Asus ROG STRIX Z790-F GAMING WIFI DDR5 ATX,309.99,LGA 1700,ATX,192,4,BLACK,DDR5,PCIe 4.0 x4,
ASUS TUF GAMING B550M-PLUS WIFI II,199.99,AM4,Micro ATX,128,4,BLACK / GREY,DDR4,PCIe 4.0 x4,
MSI B650 GAMING PLUS AM5 DDR5 ATX,244.94,AM5,ATX,256,4,BLACK,DDR5,PCIe 4.0 x4,sata_6_gb_s
MSI B360I GAMING PRO AC DDR4 Mini ITX,321.50,LGA 1151,Mini-ITX,32,2,BLACK,DDR4,PCIe 4.0 x4,sata_6_gb_s
MSI Z87 G43 DDR3 ATX,411.98,LGA 1150,ATX,32,4,BLACK / BLUE,DDR3,,sata_6_gb_s
MSI H55 M-E33 LGA1156 DDR3 Micro ATX,124.69,LGA 1156,Micro ATX,16,4,BLACK / BLUE,DDR3,,sata_3_gb_s
Gigabyte Z690M DS3H DDR4 (rev. 1.0),262.44,LGA 1700,ATX,128,4,BLACK / GREY,DDR4,PCIe 4.0 x4/x2,sata_6_gb_s
ASUS PRO B460M-C/CSM,155.55,LGA 1200,Micro ATX,128,4,,DDR4,PCIe 3.0 x4 & SATA; PCIe 3.0 x4,sata_6_gb_s
Gigabyte B550 UD AC DDR4 ATX,277.00,AM4,ATX,128,4,BROWN / BLACK,DDR4,PCIe 4.0 x4,
MSI B760M GAMING PLUS WIFI DDR4 Micro ATX,154.99,LGA 1700,Micro ATX,128,4,BLACK / GREY,DDR4,PCIe 4.0 x4,sata_6_gb_s
Gigabyte B550 VISION D AM4 DDR4 ATX,277.00,AM4,ATX,128,4,WHITE / BLACK,DDR4,PCIe 4.0 x4,sata_6_gb_s
Asus B150 M-A LGA1151 DDR4 Micro ATX,173.25,LGA 1151,Micro ATX,64,4,BLACK / GOLD,DDR4,,sata_6_gb_s
Biostar A620 MP-E PRO AM5 DDR5 Micro ATX,173.58,AM5,Micro ATX,192,4,BLACK / GREY,DDR5,PCIe 4.0 x4,sata_6_gb_s
ASRock AB350 Fatal1ty Gaming K4 DDR4 ATX,184.99,AM4,ATX,64,4,BLACK / RED,DDR4,PCIe 4.0 x4,sata_6_gb_s
EVGA Z690 DARK K|NGP|N DDR5 EATX,520.99,LGA 1700,EATX,64,2,BLACK / GOLD,DDR5,PCIe 4.0 x4,sata_6_gb_s
Asus AMD 990X M5A99X EVO R2.0 AM3+ DDR3 ATX,142.20,AM3+,ATX,32,4,BLACK / BLUE,DDR3,,sata_6_gb_s
Gigabyte Z790 D LGA1700 DDR5 ATX,262.44,LGA 1700,ATX,192,4,BLACK / GREY,DDR5,PCIe 4.0 x4,
Asus ROG STRIX Z490-F GAMING DDR4 ATX,478.00,LGA 1200,ATX,128,4,BLACK,DDR4,PCIe 4.0 x4,sata_6_gb_s
MSI B650M PROJECT ZERO AM5 DDR5 Micro ATX,189.49,AM5,Micro ATX,256,4,GREY / BLACK,DDR5,PCIe 4.0 x4,
Gigabyte Z790 GAMING X DDR5 ATX,262.44,LGA 1700,ATX,192,4,BLACK / GREY,DDR5,PCIe 4.0 x4,sata_6_gb_s
ASRock X870E Taichi Lite AM5 DDR5 EATX,799.99,AM5,EATX,256,4,BLACK / GREY,DDR5,PCIe 4.0 x4,
Asus Z690 TUF GAMING Z690-PLUS WIFI D4 DDR4 ATX,309.99,LGA 1700,ATX,128,4,BLACK / GREY,DDR4,PCIe 4.0 x4,
ASUS TUF GAMING B760M-PLUS WIFI,184.43,LGA 1700,Micro ATX,192,4,BLACK / ORANGE,DDR5,PCIe 4.0 x4,sata_6_gb_s
ASRock Z390 Phantom Gaming 4 LGA1151 DDR4 ATX,418.00,LGA 1151,ATX,128,4,BLACK / GREY,DDR4,PCIe 4.0 x4,
Asus Z690 TUF GAMING PLUS WIFI DDR5 ATX,309.99,LGA 1700,ATX,192,4,BLACK / GREY,DDR5,PCIe 4.0 x4,
MSI B460 M-A PRO DDR4 Micro ATX,299.99,LGA 1200,Micro ATX,64,2,BLACK,DDR4,PCIe 4.0 x4,sata_6_gb_s
Gigabyte B360M AORUS GAMING 3 DDR4 Micro ATX,259.99,LGA 1151,Micro ATX,64,4,BLACK / ORANGE,DDR4,PCIe 4.0 x4,sata_6_gb_s
ASRock X870 Phantom Gaming Riptide WiFi AM5 DDR5 ATX,199.99,AM5,ATX,256,4,BLACK / PURPLE,DDR5,PCIe 4.0 x4,
MSI X870E PRO-P WIFI DDR5 ATX,244.94,AM5,ATX,256,4,BLACK / GREY,DDR5,PCIe 4.0 x4,
MSI Z790 MPG CARBON MAX WIFI LGA1700 DDR5 ATX,239.38,LGA 1700,ATX,192,4,BLACK,DDR5,PCIe 4.0 x4,sata_6_gb_s
Asus Z490 PRIME-P LGA1200 DDR4 ATX,478.00,LGA 1200,ATX,128,4,BLACK / GREY,DDR4,PCIe 3.0 x4,sata_6_gb_s
Gigabyte Z590 Z590M GAMING X DDR4 Micro ATX,159.00,LGA 1200,Micro ATX,128,4,BLACK / GREY,DDR4,PCIe 4.0 x4,sata_6_gb_s
MSI A320M PRO-VH PLUS Micro ATX AM4,110.00,AM4,Micro ATX,32,2,,DDR4,,sata_6_gb_s
Gigabyte X570S GAMING X AM4 DDR4 ATX,277.00,AM4,ATX,128,4,BLACK / GREY,DDR4,PCIe 4.0 x4,sata_6_gb_s
MSI MAG B460 TOMAHAWK,278.99,LGA 1200,ATX,128,4,,DDR4,PCIe 3.0 x4 and SATA 6Gb/s; PCIe 3.0 x4,sata_6_gb_s
Asus PRIME Z390-P DDR4 ATX,368.49,LGA 1151,ATX,128,4,GREY / BLACK,DDR4,PCIe 4.0 x4,
MSI Z690 MEG UNIFY WIFI LGA1700 DDR5 ATX,239.38,LGA 1700,ATX,192,4,BLACK / GREY,DDR5,PCIe 4.0 x4,
Gigabyte B650 M D2HP (rev. 1.2) AM5 DDR5 Micro ATX,169.54,AM5,Micro ATX,96,2,BLACK / GREY,DDR5,PCIe 4.0 x4,
Gigabyte H610M S2H V2 LGA1700 DDR5 Micro ATX,160.19,LGA 1700,Micro ATX,96,2,BLACK / GREY,DDR5,PCIe 4.0 x4,
Asus B350 PRIME B350M-A AM4 DDR4 Micro ATX,144.83,AM4,Micro ATX,64,4,BLACK / GREY,DDR4,PCIe 4.0 x4,
MSI A320 A320M PRO-VH DDR4 Micro ATX,110.00,AM4,Micro ATX,64,2,BROWN / BLACK,DDR4,PCIe 4.0 x4,sata_6_gb_s
ASUS ROG STRIX X870E-E GAMING WIFI,478.01,AM5,ATX,256,4,BLACK / RGB,DDR5,PCIe 5.0 x4; PCIe 4.0 x4,sata_6_gb_s
Asus B450 PRIME B450M-K AM4 DDR4 Micro ATX,144.83,AM4,Micro ATX,32,2,BLACK,DDR4,PCIe 4.0 x4,
Asus H610 PRIME H610M-K D4-ARGB DDR4 Micro ATX,184.43,LGA 1700,Micro ATX,64,2,BLACK / GREY,DDR4,PCIe 4.0 x4,sata_6_gb_s
MSI MAG Z690M MORTAR WIFI DDR5 Micro ATX,154.99,LGA 1700,Micro ATX,192,4,GREY / BLACK,DDR5,PCIe 4.0 x4,sata_6_gb_s
ASUS TUF GAMING B550M-PLUS (WI-FI),274.00,AM4,Micro ATX,128,4,BLACK,DDR4,PCIe 4.0 x4,
ASUS PRIME B760-PLUS D4,172.99,LGA 1700,ATX,128,4,GREY / BLACK,DDR4,PCIe 4.0 x4,
Asus H670 PRIME-PLUS D4 DDR4 ATX,309.99,LGA 1700,ATX,128,4,GREY / BLACK,DDR4,PCIe 4.0 x4,sata_6_gb_s
ASRock Z170 Pro4 LGA1151 DDR4 ATX,418.00,LGA 1151,ATX,64,4,BLACK / ORANGE,DDR4,PCIe 4.0 x4,sata_6_gb_s
Asus X299 TUF MARK 2 DDR4 ATX,886.00,LGA 2066,ATX,128,8,BLACK,DDR4,PCIe 4.0 x4,sata_6_gb_s
ASRock B850 LiveMixer WiFi AM5 DDR5 ATX,199.99,AM5,ATX,256,4,GREY / BLACK,DDR5,PCIe 4.0 x4,sata_6_gb_s
ASUS PRIME B650M-F-CSM,209.99,AM5,Micro ATX,96,2,BLACK / GREY,DDR5,PCIe 4.0 x4,sata_6_gb_s
Asus B460 TUF GAMING B460M-PLUS (WI-FI) LGA1200 DDR4 Micro ATX,155.55,LGA 1200,Micro ATX,128,4,BLACK / GOLD,DDR4,PCIe 4.0 x4,
MSI H410 H410M PRO-VH LGA1200 DDR4 Micro ATX,299.99,LGA 1200,Micro ATX,64,2,BLACK / GREY,DDR4,PCIe 4.0 x4,sata_6_gb_s
Gigabyte H510M H V2 DDR4 Micro ATX,159.00,LGA 1200,Micro ATX,64,2,GREY / BROWN,DDR4,PCIe 4.0 x4,
Asus X299 Prime Edition 30 DDR4 ATX,886.00,LGA 2066,ATX,256,8,BLACK / WHITE,DDR4,PCIe 4.0 x4,sata_6_gb_s
Gigabyte B760M DS3H AX DDR4 Micro ATX,160.19,LGA 1700,Micro ATX,128,4,BLACK,DDR4,PCIe 4.0 x4,sata_6_gb_s
MSI Z390 MPG GAMING EDGE AC DDR4 ATX,390.78,LGA 1151,ATX,128,4,BLACK / GREY,DDR4,PCIe 4.0 x4,
Gigabyte B650 M D2H AM5 DDR5 Micro ATX,169.54,AM5,Micro ATX,96,2,BLACK,DDR5,PCIe 4.0 x4,sata_6_gb_s
Gigabyte Z390 GAMING X DDR4 ATX,266.00,LGA 1151,ATX,128,4,BLACK / RED,DDR4,PCIe 4.0 x4,
ASUS TUF GAMING B850M-PLUS WIFI,219.99,AM5,Micro ATX,256,4,BLACK / RGB,DDR5,PCIe 5.0 x4; PCIe 4.0 x4,sata_6_gb_s
Gigabyte X870E AORUS MASTER AM5 DDR5 ATX,232.67,AM5,ATX,256,4,BLACK,DDR5,PCIe 4.0 x4,
Gigabyte Z890 UD LGA1851 DDR5 ATX,225.05,LGA 1851,ATX,256,4,BLACK / GREY,DDR5,PCIe 4.0 x4,sata_6_gb_s
ASUS PRIME B760M-A AX6 II,184.43,LGA 1700,Micro ATX,192,4,BLACK / GREY,DDR5,PCIe 4.0 x4,
Asus H110 H110M-A LGA1151 DDR4 Micro ATX,173.25,LGA 1151,Micro ATX,32,2,BLACK / GOLD,DDR4,,sata_6_gb_s
Asus H510 PRIME H510M-R DDR4 Micro ATX,155.55,LGA 1200,Micro ATX,64,2,BLACK,DDR4,,sata_6_gb_s
Gigabyte X870E AORUS PRO ICE DDR5 ATX AM5,232.67,AM5,ATX,256,4,WHITE,DDR5,PCIe 4.0 x4,
MSI Z790-S01,239.38,LGA 1700,ATX,256,4,BLACK / GREY,DDR5,PCIe 4.0 x4; PCIe 4.0 x4 / SATA,sata_6_gb_s
Asus B150 PLUS D3 LGA1151 DDR3 Micro ATX,173.25,LGA 1151,Micro ATX,64,4,BLACK / GOLD,DDR3,,sata_6_gb_s
Gigabyte B550 GAMING X V2 DDR4 ATX,277.00,AM4,ATX,128,4,BLACK / GREY,DDR4,PCIe 4.0 x4,sata_6_gb_s
ASUS ROG STRIX B550-XE GAMING WIFI,269.27,AM4,ATX,128,4,BLACK,DDR4,PCIe 4.0 x4; PCIE 3.0 x 4,sata_6_gb_s
ASRock B550M HVS SE AM4 DDR4 Micro ATX,98.24,AM4,Micro ATX,64,2,BLACK,DDR4,PCIe 4.0 x4,sata_6_gb_s
Gigabyte B660 DS3H AX DDR4 ATX LGA1700,262.44,LGA 1700,ATX,128,4,BLACK,DDR4,PCIe 4.0 x4,sata_6_gb_s
Gigabyte Z790 AERO G DDR5 ATX,262.44,LGA 1700,ATX,256,4,BLACK / WHITE,DDR5,PCIe 5.0 x4; PCIe 4.0 x4,sata_6_gb_s
MSI B760 PRO VC WIFI II DDR5 ATX,239.38,LGA 1700,ATX,192,4,BLACK,DDR5,PCIe 4.0 x4,sata_6_gb_s
Supermicro Intel C242 X11SCL-IF LGA1151 DDR4 Mini ITX,293.41,LGA 1151,Mini-ITX,64,2,GREEN,DDR4,PCIe 4.0 x4,
Asus A620 Pro A620M-DASH-CSM AM5 DDR5 Micro ATX,209.99,AM5,Micro ATX,96,2,GREEN,DDR5,PCIe 4.0 x4,sata_6_gb_s
Asus H610 PRIME H610M-A D4-CSM DDR4 Micro ATX,184.43,LGA 1700,Micro ATX,64,2,GREY / BLACK,DDR4,PCIe 4.0 x4,
GIGABYTE B650E AORUS MASTER,232.67,AM5,ATX,128,4,,DDR5,PCIe 5.0 x4,sata_6_gb_s
Gigabyte Z590 AORUS ELITE AX DDR4 ATX,387.75,LGA 1200,ATX,128,4,BLACK,DDR4,PCIe 4.0 x4,
MSI MAG B760M MORTAR WIFI DDR5 Micro ATX,154.99,LGA 1700,Micro ATX,192,4,BLACK / GREY,DDR5,PCIe 4.0 x4,sata_6_gb_s
Gigabyte B250 GA-B250-HD3 LGA1151 DDR4 ATX,266.00,LGA 1151,ATX,64,4,BLACK / GOLD,DDR4,PCIe 4.0 x4,sata_6_gb_s
Asus B250 PRIME B250M-K LGA1151 DDR4 Micro ATX,173.25,LGA 1151,Micro ATX,32,2,BLACK / GREY,DDR4,PCIe 4.0 x4,sata_6_gb_s
Gigabyte B760 GAMING X DDR5 ATX,262.44,LGA 1700,ATX,192,4,BLACK / GREY,DDR5,PCIe 4.0 x4,
Gigabyte Z390 AORUS ELITE LGA1151 DDR4 ATX,266.00,LGA 1151,ATX,128,4,BLACK / GREY,DDR4,PCIe 4.0 x4,
MSI B560 MAG B560M MORTAR DDR4 Micro ATX,299.99,LGA 1200,Micro ATX,128,4,BLACK,DDR4,PCIe 4.0 x4,sata_6_gb_s
Asus B450 TUF GAMING B450M-PLUS II AM4 DDR4 Micro ATX,144.83,AM4,Micro ATX,128,4,BLACK,DDR4,PCIe 4.0 x4,
Gigabyte Z890 AI TOP LGA1851 DDR5 EATX,819.49,LGA 1851,EATX,256,4,GREY / BLACK,DDR5,PCIe 4.0 x4,
Asus Z690-G ROG STRIX GAMING WIFI DDR5 Micro ATX,184.43,LGA 1700,Micro ATX,128,4,BLACK / GREY,DDR5,PCIe 4.0 x4,
MSI B860 PRO B860-P WIFI LGA1851 DDR5 ATX,239.99,LGA 1851,ATX,256,4,GREY / BLACK,DDR5,PCIe 5.0 x4; PCIe 4.0 x4; PCIe 4.0 x2,sata_6_gb_s
Asus B860 PRIME B860M-K-CSM LGA1851 DDR5 Micro ATX,209.99,LGA 1851,Micro ATX,128,2,GREY / BLACK,DDR5,PCIe 4.0 x4,sata_6_gb_s
Asus Z390 ROG STRIX Z390-F GAMING DDR4 ATX,368.49,LGA 1151,ATX,128,4,BLACK,DDR4,PCIe 4.0 x4,
MSI Z790 MPG EDGE WIFI DDR4 ATX,239.38,LGA 1700,ATX,128,4,GREY / BLACK,DDR4,PCIe 4.0 x4,
MSI B450 GAMING PRO CARBON AC AM4 DDR4 ATX,376.00,AM4,ATX,128,4,BLACK,DDR4,PCIe 4.0 x4,
MSI H410 H410M PRO LGA1200 DDR4 Micro ATX,299.99,LGA 1200,Micro ATX,64,2,BLACK / GREY,DDR4,PCIe 4.0 x4,sata_6_gb_s
Asus Q470 Pro Q470M-C/CSM LGA1200 DDR4 Micro ATX,155.55,LGA 1200,Micro ATX,128,4,GREEN,DDR4,PCIe 4.0 x4,sata_6_gb_s
Asus B250G STRIX Gaming DDR4 Micro ATX,173.25,LGA 1151,Micro ATX,64,4,BLACK / RED,DDR4,PCIe 4.0 x4,sata_6_gb_s
Gigabyte X870 AORUS STEALTH,232.67,AM5,ATX,256,4,WHITE,DDR5,PCIe 5.0 x4; PCIe 4.0 x4,sata_6_gb_s
MSI AMD B650 PRO B650-VC WIFI AM5 DDR5 ATX,244.94,AM5,ATX,192,4,BLACK / GREY,DDR5,PCIe 4.0 x4,
MSI B760 MAG B760M MORTAR DDR5 Micro ATX,154.99,LGA 1700,Micro ATX,192,4,GREY / BLACK,DDR5,PCIe 4.0 x4,sata_6_gb_s
