tên,giá,chipset,bộ nhớ,xung cơ bản,xung boost,màu,chiều dài,tdp
MSI GeForce RTX 5070 Ti 16G MLG EDITION OC GDDR7,19919760,GeForce RTX 5070 Ti,16.0,2295.0,2572.0,RED,338.0,300.0
GIGABYTE GeForce RTX 5070 Ti GAMING 16G,19919760,GeForce RTX 5070 Ti,16.0,2295.0,2588.0,RGB,342.0,300.0
MSI VENTUS 3X OC GeForce RTX 5070 Ti 16GB GDDR7,19919760,GeForce RTX 5070 Ti,16.0,2295.0,2482.0,GREY,303.0,300.0
MSI GeForce RTX 5070 Ti 16GB EXPERT,19919760,GeForce RTX 5070 Ti,16.0,2295.0,2467.0,GOLD,319.0,300.0
ASUS Noctua OC Edition GeForce RTX 5080 16GB GDDR7,37559760,GeForce RTX 5080,16.0,2295.0,2700.0,BROWN,385.0,360.0
Asus ROG Astral OC HATSUNE MIKU EDITION GeForce RTX 5080 16GB GDDR7,37559760,GeForce RTX 5080,16.0,2295.0,2760.0,PINK,358.0,360.0
MSI GeForce RTX 5080 16G VENTUS 3X OC GDDR7,37559760,GeForce RTX 5080,16.0,2295.0,2640.0,GREY,303.0,360.0
MSI GeForce RTX™ 5080 INSPIRE 3X 16GB GDDR7 Black/Gold,37559760,GeForce RTX 5080,16.0,2295.0,2625.0,GOLD,288.0,358.0
GALAX SUPER EX Gaming (1-Click OC) GeForce RTX 4070 12GB GDDR6X Pink,19680000,Georce RTX 4070,12.0,1920.0,2580.0,PINK,336.0,200.0
MSI GeForce RTX 4070 VENTUS 3X E 12GB GDDR6X Silver / Black,19680000,GeForce RTX 4070,12.0,1920.0,2490.0,GREY,308.0,200.0
Inno3D TWIN X2 OC GeForce RTX 4070 12GB GDDR6X White / Silver,19680000,GeForce RTX 4070,12.0,1920.0,2505.0,WHITE,250.0,200.0
Gigabyte GeForce RTX 4070 WINDFORCE 2X OC 12G GDDR6X,19680000,GeForce RTX 4070,12.0,1920.0,2490.0,BLACK,201.0,200.0
Gainward Phoenix GS GeForce RTX 3060 Ti 8GB GDDR6 Silver / Black,11738160,GeForce RTX 3060 Ti,8.0,1410.0,1800.0,GREY,294.0,200.0
Gigabyte VISION OC Rev 2.0 GeForce RTX 3060 Ti LHR 8GB GDDR6 Silver / White,11738160,GeForce RTX 3060 Ti,8.0,1410.0,1755.0,WHITE,281.0,200.0
Gigabyte GeForce RTX 3060 Ti GAMING OC PRO Black / Silver 8GB GDDR6,11738160,GeForce RTX 3060 Ti,8.0,1410.0,1770.0,BLACK,286.0,200.0
Colorful iGame Ultra W OC-V GeForce RTX 4070 Ti 12GB GDDR6X Silver / Blue,26399760,GeForce RTX 4070 Ti,12.0,2310.0,2745.0,BLUE,334.0,285.0
MSI VENTUS 3X E GeForce RTX 4070 Ti 12GB GDDR6X Silver / Black,26399760,GeForce RTX 4070 Ti,12.0,2310.0,2625.0,GREY,308.0,285.0
MSI GAMING TRIO GeForce RTX 4070 Ti 12GB GDDR6X White,26399760,GeForce RTX 4070 Ti,12.0,2310.0,2625.0,WHITE,337.0,285.0
Inno3D X3 GeForce RTX 4070 Ti 12GB GDDR6X Black / Silver,26399760,GeForce RTX 4070 Ti,12.0,2310.0,2610.0,BLACK,297.0,285.0
MSI GeForce RTX™ 5060 8G INSPIRE ITX OC,7199760,GeForce RTX 5060,8.0,2280.0,2535.0,GOLD,145.0,145.0
MSI VENTUS 2X OC GeForce RTX 5060 8GB GDDR7,7199760,GeForce RTX 5060,8.0,2280.0,2527.0,GREY,197.0,145.0
MSI GeForce RTX 5060 8G GAMING TRIO WHITE,7199760,GeForce RTX 5060,8.0,2407.0,2587.0,WHITE,300.0,155.0
Inno3D GeForce RTX 5060 Twin X2 8GB GDDR7 Black,7199760,GeForce RTX 5060,8.0,2280.0,2497.0,BLACK,225.0,145.0
MSI GeForce RTX 5070 INSPIRE 3X 12GB GDDR7 Gold / Black,13199760,GeForce RTX 5070,12.0,2160.0,2527.0,GOLD,288.0,250.0
MSI VENTUS 2X OC GeForce RTX 5070 12GB GDDR7,13199760,GeForce RTX 5070,12.0,2325.0,2542.0,GREY,236.0,250.0
MSI GeForce RTX 5070 12G GAMING TRIO White,13199760,GeForce RTX 5070,12.0,2325.0,2527.0,WHITE,338.0,250.0
MSI GeForce RTX 5070 12G VANGUARD SOC GDDR7,13199760,GeForce RTX 5070,12.0,2325.0,2640.0,BLACK,337.0,250.0
MSI GeForce RTX 4070 Ti SUPER SLIM STALKER 2 EDITION 16GB GDDR6X Green / Orange,26831760,GeForce RTX 4070 Ti SUPER,16.0,2340.0,2625.0,GREEN,307.0,285.0
MSI GeForce RTX 4070 Ti SUPER VENTUS 3X 16GB GDDR6X Silver / Black,26831760,GeForce RTX 4070 Ti SUPER,16.0,2340.0,2625.0,GREY,308.0,285.0
KFA2 GeForce RTX 4070 Ti SUPER EX Gamer 16GB GDDR6X White,26831760,GeForce RTX 4070 Ti SUPER,16.0,2340.0,2655.0,WHITE,323.0,285.0
Gigabyte WINDFORCE OC GeForce RTX 4070 Ti SUPER 16GB GDDR6X Black,26831760,GeForce RTX 4070 Ti SUPER,16.0,2340.0,2625.0,BLACK,261.0,285.0
MSI GeForce RTX 5060 Ti INSPIRE 2X OC 8GB GDDR7 Gold / Black,9119760,GeForce RTX 5060 Ti,8.0,2407.0,2632.0,GOLD,204.0,180.0
MSI VENTUS 3X OC GeForce RTX 5060 Ti 8GB GDDR7 Silver / Black,9119760,GeForce RTX 5060 Ti,8.0,2410.0,2617.0,GREY,306.0,180.0
MSI GeForce RTX 5060 Ti 16G GAMING TRIO GDDR7,11519760,GeForce RTX 5060 Ti,16.0,2407.0,2572.0,BLACK,300.0,180.0
MSI GeForce RTX 5060 Ti 8G GAMING TRIO OC WHITE GDDR7,9119760,GeForce RTX 5060 Ti,8.0,2407.0,2647.0,WHITE,300.0,180.0
Colorful NB-V GeForce RTX 2060 6GB GDDR6 Red / Black,7680000,GeForce RTX 2060,6.0,1365.0,1680.0,RED,222.0,160.0
MSI GeForce RTX 2060 GAMING Z 6G GDDR6,7680000,GeForce RTX 2060,6.0,1365.0,1830.0,RGB,247.0,190.0
Gigabyte GAMING OC PRO GeForce RTX 2060 6GB GDDR6 White / Black,7680000,GeForce RTX 2060,6.0,1680.0,1830.0,WHITE,280.0,160.0
Zotac GAMING Twin Fan GeForce RTX 2060 12GB GDDR6 Gray,10079760,GeForce RTX 2060,12.0,1470.0,1650.0,GREY,210.0,184.0
MSI GeForce RTX™ 4070 SUPER 12G VENTUS 2X OC GDDR6X,20302320,GeForce RTX 4070 SUPER,12.0,1980.0,2505.0,GREY,242.0,220.0
Inno3D Twin X2 OC GeForce RTX 4070 SUPER 12GB GDDR6X White / Silver,20302320,GeForce RTX 4070 SUPER,12.0,1980.0,2505.0,WHITE,250.0,220.0
Inno3D GeForce RTX 4070 SUPER Twin X2 OC 12GB GDDR6X Black / Silver,20302320,GeForce RTX 4070 SUPER,12.0,1980.0,2505.0,BLACK,250.0,220.0
Palit GeForce GTX 1080 GameRock 8GB GDDR5X Gray / Blue,11976000,GeForce GTX 1080,8.0,1645.0,1784.0,GREY,285.0,180.0
GALAX EX OC SNPR GeForce GTX 1080 8GB GDDR5X White,11976000,GeForce GTX 1080,8.0,1657.0,1797.0,WHITE,296.0,180.0
Gigabyte WINDFORCE OC GeForce GTX 1080 8GB GDDR5X Black / Orange,11976000,GeForce GTX 1080,8.0,1657.0,1797.0,BLACK,280.0,180.0
MSI Gaming X NV Edition GeForce RTX 4060 8GB GDDR6 Green / Black,10799760,GeForce RTX 4060,8.0,1830.0,2610.0,GREEN,247.0,115.0
Gigabyte GeForce RTX 4060 AERO OC 8G GDDR6,10799760,GeForce RTX 4060,8.0,1830.0,2550.0,WHITE,281.0,115.0
Gigabyte WINDFORCE OC GeForce RTX 4060 8G GDDR6,10799760,GeForce RTX 4060,8.0,1830.0,2475.0,BLACK,192.0,115.0
Gigabyte Vision OC GeForce RTX 3070 8GB GDDR6 Silver,16752000,GeForce RTX 3070,8.0,1500.0,1815.0,GREY,286.0,220.0
ZOTAC GAMING GeForce RTX 3070 Twin Edge OC White Edition LHR 8GB GDDR6,16752000,GeForce RTX 3070,8.0,1500.0,1755.0,WHITE,231.9,220.0
Gigabyte GeForce RTX 3070 GAMING OC 8G GDDR6,16752000,GeForce RTX 3070,8.0,1500.0,1815.0,BLACK,286.0,220.0
Asus ROG STRIX OC EVA-02 GeForce RTX 4090 24GB GDDR6X Red / Black,71903760,GeForce RTX 4090,24.0,2235.0,2640.0,RED,358.0,450.0
MSI VENTUS 3X E GeForce RTX 4090 24GB GDDR6X Silver / Black,71903760,GeForce RTX 4090,24.0,2235.0,2535.0,GREY,322.0,450.0
Gigabyte GeForce RTX 4090 AERO OC 24G GDDR6X,71903760,GeForce RTX 4090,24.0,2235.0,2535.0,WHITE,342.0,450.0
Gigabyte GAMING OC GeForce RTX 4090 24 GB,71903760,GeForce RTX 4090,24.0,2235.0,2535.0,BLACK,340.0,450.0
Sapphire NITRO+ Radeon RX 9070 XT 16GB GDDR6,17999760,Radeon RX 9070 XT,16.0,1660.0,3060.0,BROWN,331.0,330.0
Yeston Sakura Atlantis Radeon RX 9070 XT 16GB GDDR6 Blue / Pink,17999760,Radeon RX 9070 XT,16.0,2400.0,3060.0,BLUE,332.0,304.0
Sapphire PURE Radeon RX 9070 XT 16GB OC GDDR6,17999760,Radeon RX 9070 XT,16.0,1660.0,3010.0,WHITE,320.0,317.0
PowerColor Red Devil Limited Edition OC Radeon RX 9070 XT 16GB GDDR6 Black,17999760,Radeon RX 9070 XT,16.0,2460.0,3060.0,BLACK,340.0,304.0
Gigabyte GAMING OC GeForce RTX 2070 8GB GDDR6 White / Black,16440000,GeForce RTX 2070,8.0,1620.0,1740.0,WHITE,280.0,185.0
MSI VENTUS GP GeForce RTX 2070 8GB GDDR6 Silver / Black,16440000,GeForce RTX 2070,8.0,1410.0,1620.0,GREY,232.0,185.0
Gigabyte WINDFORCE 2X GeForce RTX 2070 8GB GDDR6 Black,16440000,GeForce RTX 2070,8.0,1410.0,1620.0,BLACK,265.0,185.0
MSI EVOKE Gold Radeon RX 5700 XT 8GB GDDR6,14280000,Radeon RX 5700 XT,8.0,1630.0,1905.0,GOLD,254.0,225.0
MSI Silver / Black Radeon RX 5700 XT 8GB GDDR6 Silver / Black,14280000,Radeon RX 5700 XT,8.0,1605.0,1905.0,GREY,270.0,225.0
PowerColor AXRX 5700XT 8GBD6-3DH Radeon RX 5700 XT 8GB GDDR6 Black,14280000,Radeon RX 5700 XT,8.0,1605.0,1905.0,BLACK,230.0,225.0
Asus Noctua OC GeForce RTX 4080 16GB GDDR6X Brown / Beige,44399760,GeForce RTX 4080,16.0,2205.0,2625.0,BROWN,310.0,320.0
MSI VENTUS 3X E GeForce RTX 4080 16GB GDDR6X Silver / Black,44399760,GeForce RTX 4080,16.0,2205.0,2520.0,GREY,322.0,320.0
MSI GAMING X TRIO GeForce RTX 4080 16GB GDDR6X White,44399760,GeForce RTX 4080,16.0,2205.0,2610.0,WHITE,337.0,320.0
MSI GAMING TRIO GeForce RTX 4080 16GB GDDR6X Black,44399760,GeForce RTX 4080,16.0,2205.0,2520.0,BLACK,337.0,320.0
ASUS ROG Astral GeForce RTX 5090 Dhahab OC Edition 32GB GDDR7,80639760,GeForce RTX 5090,32.0,2017.0,2580.0,GOLD,357.6,575.0
MSI GeForce RTX 5090 32G LIGHTNING Z,80639760,GeForce RTX 5090,32.0,2017.0,2730.0,RGB,260.0,1000.0
MSI GeForce RTX 5090 32G VANGUARD SOC GDDR7,80639760,GeForce RTX 5090,32.0,2017.0,2512.0,GREY,357.0,575.0
ROG Astral GeForce RTX 5090 32GB GDDR7 WHITE OC Edition,80639760,GeForce RTX 5090,32.0,2017.0,2580.0,WHITE,357.6,575.0
Asus Noctua OC GeForce RTX 4080 SUPER 16GB GDDR6X Brown / Black,43175760,GeForce RTX 4080 SUPER,16.0,2210.0,2640.0,BROWN,310.0,320.0
MSI SUPRIM X GeForce RTX 4080 SUPER 16GB GDDR6X Silver / Black,43175760,GeForce RTX 4080 SUPER,16.0,2210.0,2655.0,GREY,336.0,320.0
Gigabyte AORUS XTREME ICE GeForce RTX 4080 SUPER 16GB GDDR6X White / Gold,43175760,GeForce RTX 4080 SUPER,16.0,2210.0,2700.0,WHITE,357.0,320.0
Inno3D iChill X3 GeForce RTX 4080 SUPER 16GB GDDR6X Black / Silver,43175760,GeForce RTX 4080 SUPER,16.0,2210.0,2610.0,BLACK,334.0,320.0
Sapphire NITRO+ Radeon RX 580 8GB GDDR5 Blue / White,3839760,Radeon RX 580,8.0,1257.0,1430.0,BLUE,260.0,250.0
MSI ARMOR X Radeon RX 580 8GB GDDR5 Silver / Black,3839760,Radeon RX 580,8.0,1257.0,1366.0,GREY,270.0,185.0
MSI ARMOR MK2 OC Radeon RX 580 8GB GDDR5 Red / Black,3839760,Radeon RX 580,8.0,1340.0,1380.0,RED,270.0,185.0
MSI Radeon RX 580 GAMING X 8GB GDDR5 Black / Red,3839760,Radeon RX 580,8.0,1257.0,1393.0,BLACK,276.0,185.0
Gigabyte GeForce RTX 3070 Ti VISION OC 8G GDDR6X,18360000,GeForce RTX 3070 Ti,8.0,1575.0,1830.0,WHITE,320.0,290.0
Palit GameRock OC GeForce RTX 3070 Ti 8GB GDDR6X Silver,18360000,GeForce RTX 3070 Ti,8.0,1575.0,1845.0,GREY,304.0,330.0
Inno3D iChill X4 GeForce RTX 3070 Ti 8GB GDDR6X Black / Silver,18360000,GeForce RTX 3070 Ti,8.0,1575.0,1830.0,BLACK,300.0,290.0
NVIDIA Founders Edition GeForce RTX 2070 SUPER 8GB GDDR6,16536000,GeForce RTX 2070 SUPER,8.0,1605.0,1770.0,GREY,267.0,215.0
GIGABYTE GeForce RTX 2070 SUPER GAMING OC WHITE 8G GDDR6,16536000,GeForce RTX 2070 SUPER,8.0,1605.0,1815.0,WHITE,286.5,215.0
GIGABYTE GeForce RTX 2070 SUPER WINDFORCE OC 3X 8G GDDR6,16536000,GeForce RTX 2070 SUPER,8.0,1605.0,1785.0,BLACK,286.0,215.0
Colorful iGame Advanced OC-V GeForce RTX 3080 Ti 12GB GDDR6X Silver / Red,22799760,GeForce RTX 3080 Ti,12.0,1365.0,1695.0,RED,316.0,370.0
Gigabyte Vision OC GeForce RTX 3080 Ti 12GB GDDR6X White / Silver,22799760,GeForce RTX 3080 Ti,12.0,1365.0,1770.0,WHITE,320.0,350.0
NVIDIA Founders Edition GeForce RTX 3080 Ti 12GB GDDR6X,22799760,GeForce RTX 3080 Ti,12.0,1370.0,1670.0,GREY,285.0,350.0
Gigabyte EAGLE GeForce RTX 3080 Ti 12GB GDDR6X Black,22799760,GeForce RTX 3080 Ti,12.0,1365.0,1770.0,BLACK,320.0,350.0
Gigabyte GeForce RTX 2060 SUPER GAMING OC 3X WHITE 8GB GDDR6 White / Black,13800000,GeForce RTX 2060 SUPER,8.0,1650.0,1815.0,WHITE,280.0,175.0
NVIDIA GeForce RTX 2060 SUPER Founders Edition 8GB GDDR6,13800000,GeForce RTX 2060 SUPER,8.0,1470.0,1650.0,GREY,229.0,175.0
KFA2 EX GeForce RTX 2060 SUPER 8GB GDDR6 Black,13800000,GeForce RTX 2060 SUPER,8.0,1470.0,1665.0,BLACK,295.0,175.0
Asus ROG STRIX OC EVA GeForce RTX 3090 24GB GDDR6X Purple / Green,36455760,GeForce RTX 3090,24.0,1395.0,1890.0,PURPLE,318.0,350.0
MSI SUPRIM X GeForce RTX 3090 24GB GDDR6X Silver,36455760,GeForce RTX 3090,24.0,1395.0,1875.0,GREY,336.0,420.0
GALAX HOF Limited Edition GeForce RTX 3090 24GB GDDR6X White,36455760,GeForce RTX 3090,24.0,1395.0,1860.0,WHITE,339.0,350.0
Gigabyte AORUS XTREME WATERFORCE GeForce RTX 3090 24GB GDDR6X Black,36455760,GeForce RTX 3090,24.0,1395.0,1785.0,BLACK,252.0,350.0
MSI GeForce RTX 4060 Ti VENTUS 3X OC 16GB GDDR6 Silver / Black,18620880,GeForce RTX 4060 Ti,16.0,2310.0,2625.0,GREY,308.0,165.0
MSI GeForce RTX 4060 Ti GAMING X SLIM WHITE 16G GDDR6,18620880,GeForce RTX 4060 Ti,16.0,2310.0,2670.0,WHITE,307.0,165.0
Inno3D Twin X2 GeForce RTX 4060 Ti 16GB GDDR6 Black / Silver,18620880,GeForce RTX 4060 Ti,16.0,2310.0,2535.0,BLACK,250.0,165.0
MSI VENTUS 2X GeForce RTX 5050 8GB GDDR6 Silver / Black,5999760,GeForce RTX 5050,8.0,2317.0,2587.0,GREY,197.0,130.0
ZOTAC GAMING GeForce RTX 5050 Twin Edge OC White Edition 8GB GDDR6,5999760,GeForce RTX 5050,8.0,2317.0,2602.0,WHITE,220.5,130.0
Inno3D Twin X2 OC GeForce RTX 5050 8GB GDDR6 Black,5999760,GeForce RTX 5050,8.0,2317.0,2602.0,BLACK,225.0,130.0
MSI GAMING GeForce GTX 1050 Ti 4GB GDDR5 Red / Black,6335760,GeForce GTX 1050 Ti,4.0,1290.0,1493.0,RED,229.0,75.0
Asus DUAL GeForce GTX 1050 Ti 4GB GDDR5 White / Blue,6335760,GeForce GTX 1050 Ti,4.0,1290.0,1392.0,WHITE,212.0,75.0
Inno3D Compact GeForce GTX 1050 Ti 4GB GDDR5 Black / White,6335760,GeForce GTX 1050 Ti,4.0,1290.0,1392.0,BLACK,145.0,75.0
Gigabyte MINI ITX OC GeForce GTX 1660 Ti 6GB GDDR6 Black / Gray,10200000,GeForce GTX 1660 Ti,6.0,1500.0,1785.0,BLACK,170.0,120.0
MSI VENTUS OC GeForce RTX 2080 Ti 11GB GDDR6 Silver / Black,21096000,GeForce RTX 2080 Ti,11.0,1350.0,1635.0,GREY,268.0,250.0
Asus STRIX GAMING OC GeForce RTX 2080 Ti 11GB GDDR6 White,21096000,GeForce RTX 2080 Ti,11.0,1350.0,1770.0,WHITE,305.0,250.0
MSI DUKE GeForce RTX 2080 Ti 11GB GDDR6 Black,21096000,GeForce RTX 2080 Ti,11.0,1350.0,1665.0,BLACK,314.0,260.0
Yeston Sakura Radeon RX 7800 XT 16GB GDDR6 Blue / Purple,14399760,Radeon RX 7800 XT,16.0,1295.0,2520.0,BLUE,340.0,263.0
PowerColor Hellhound Spectral Radeon RX 7800 XT 16GB GDDR6 White,14399760,Radeon RX 7800 XT,16.0,1295.0,2520.0,WHITE,322.0,263.0
PowerColor Red Devil Limited Edition OC Radeon RX 7800 XT 16GB GDDR6 Black,14399760,Radeon RX 7800 XT,16.0,1295.0,2565.0,BLACK,332.0,263.0
Sapphire Toxic Radeon RX 6900 XT 16GB GDDR6 Silver / Yellow,18479760,Radeon RX 6900 XT,16.0,1825.0,2500.0,YELLOW,320.0,300.0
MSI GAMING Z TRIO Radeon RX 6900 XT 16GB GDDR6 Silver / Black,18479760,Radeon RX 6900 XT,16.0,1825.0,2425.0,GREY,324.0,300.0
PowerColor Red Devil OC Radeon RX 6900 XT 16GB GDDR6 Black,18479760,Radeon RX 6900 XT,16.0,2015.0,2340.0,BLACK,332.0,300.0
Asus Noctua OC GeForce RTX 3070 LHR 8GB GDDR6 Brown / Black,15816000,GeForce RTX 3070 LHR,8.0,1500.0,1845.0,BROWN,310.0,220.0
PNY XLR8 Gaming REVEL EPIC-X RGB GeForce RTX 3070 LHR 8GB GDDR6 Silver / Black,15816000,GeForce RTX 3070 LHR,8.0,1500.0,1725.0,GREY,294.0,220.0
Zotac GeForce RTX 3070 LHR GAMING Twin Edge OC White Edition 8GB GDDR6 White,15816000,GeForce RTX 3070 LHR,8.0,1500.0,1755.0,WHITE,232.0,220.0
MSI GAMING Z TRIO GeForce RTX 3070 LHR 8GB GDDR6 Black,15816000,GeForce RTX 3070 LHR,8.0,1500.0,1845.0,BLACK,323.0,240.0
Sapphire NITRO+ Radeon RX 7900 XT 20GB GDDR6 Silver / Black,23924880,Radeon RX 7900 XT,20.0,2000.0,2560.0,GREY,320.0,368.0
PowerColor Radeon RX 7900 XT Hellhound OC 20GB GDDR6 White,23924880,Radeon RX 7900 XT,20.0,2000.0,2500.0,WHITE,320.0,300.0
MSI GAMING TRIO CLASSIC Radeon RX 7900 XT 20GB GDDR6 Black / Silver,23924880,Radeon RX 7900 XT,20.0,2000.0,2400.0,BLACK,325.0,315.0
Gainward Ghost OC GeForce GTX 1660 SUPER 6GB GDDR6 Black,8136000,GeForce GTX 1660 SUPER,6.0,1530.0,1830.0,BLACK,235.0,125.0
Sapphire NITRO+ AMD Radeon RX 7900 XTX Vapor-X 24GB GDDR6,21599760,Radeon RX 7900 XTX,24.0,2119.0,2680.0,GREY,320.0,420.0
PowerColor Hellhound Spectral White AMD Radeon RX 7900 XTX 24GB GDDR6 OC,21599760,Radeon RX 7900 XTX,24.0,1980.0,2525.0,WHITE,320.0,355.0
Gigabyte GV-R79XTX-24GC-B Radeon RX 7900 XTX 24GB GDDR6 Black,21599760,Radeon RX 7900 XTX,24.0,2300.0,2500.0,BLACK,287.0,355.0
MSI Gaming X Trio Radeon RX 6800 XT 16GB GDDR6 Silver / Black,17256000,Radeon RX 6800 XT,16.0,1850.0,2285.0,GREY,324.0,300.0
MSI Radeon RX 6800 XT 16GB GDDR6 Black / Silver,17256000,Radeon RX 6800 XT,16.0,1825.0,2250.0,BLACK,267.0,300.0
Yeston Sakura Atlantis Radeon RX 9070 16GB GDDR6 Blue / Pink,14399760,Radeon RX 9070,16.0,2070.0,2700.0,BLUE,332.0,220.0
SAPPHIRE NITRO+ AMD Radeon RX 9070 OC 16GB GDDR6,14399760,Radeon RX 9070,16.0,1440.0,2700.0,GREY,330.8,245.0
XFX QuickSilver AMD Radeon RX 9070 OC White Gaming Edition,14399760,Radeon RX 9070,16.0,1440.0,2700.0,WHITE,355.0,220.0
PowerColor Hellhound OC Radeon RX 9070 16GB GDDR6,14399760,Radeon RX 9070,16.0,2120.0,2590.0,BLACK,327.0,220.0
MSI SUPRIM X GeForce RTX 3090 Ti 24GB GDDR6X Silver / Black,46799760,GeForce RTX 3090 Ti,24.0,1560.0,1965.0,GREY,338.0,480.0
Gigabyte GAMING OC GeForce RTX 3090 Ti 24GB GDDR6X Black,46799760,GeForce RTX 3090 Ti,24.0,1560.0,1905.0,BLACK,331.0,450.0
Sapphire PULSE Radeon RX 6650 XT 8GB GDDR6 Red / Black,7954080,Radeon RX 6650 XT,8.0,2055.0,2635.0,RED,240.0,176.0
PowerColor Hellhound Sakura Radeon RX 6650 XT 8GB GDDR6 White / Pink,7954080,Radeon RX 6650 XT,8.0,2055.0,2689.0,WHITE,220.0,180.0
Sapphire Radeon RX 6650 XT NITRO+ 8GB GDDR6 Silver / Black,7954080,Radeon RX 6650 XT,8.0,2055.0,2694.0,GREY,260.0,203.0
Gigabyte GAMING OC Radeon RX 6650 XT 8GB GDDR6 Black / Gray,7954080,Radeon RX 6650 XT,8.0,2055.0,2694.0,BLACK,282.0,180.0
EVGA SC ULTRA GAMING GeForce GTX 1660 6GB GDDR5 Silver / Black,6456000,GeForce GTX 1660,6.0,1530.0,1830.0,GREY,202.0,120.0
Gigabyte GeForce GTX 1660 GAMING OC 6GB GDDR5 Black / Gray,6456000,GeForce GTX 1660,6.0,1530.0,1860.0,BLACK,280.0,120.0
Asus TURBO GeForce GTX 960 4GB GDDR5 White / Red,9576000,GeForce GTX 960,4.0,1190.0,1253.0,WHITE,264.0,120.0
Gigabyte GV-N960G1 GAMING-4GD GeForce GTX 960 4GB GDDR5 Black,9576000,GeForce GTX 960,4.0,1241.0,1304.0,BLACK,295.0,120.0
Gigabyte GeForce GTX 960 GV-N960WF2OC-2GD Black 2GB GDDR5,5976000,GeForce GTX 960,2.0,1216.0,1279.0,BLACK,257.0,120.0
Sapphire Radeon RX 7700 XT PURE Frostpunk 2 Edition 12GB GDDR6 White,9599280,Radeon RX 7700 XT,12.0,1700.0,2584.0,WHITE,320.0,240.0
PowerColor Fighter OC Radeon RX 7700 XT 12GB GDDR6 Black,9599280,Radeon RX 7700 XT,12.0,1700.0,2584.0,BLACK,290.0,245.0
XFX SPEEDSTER SWFT 210 AMD Radeon RX 7600 Core Edition White,6599760,Radeon RX 7600,8.0,1875.0,2655.0,WHITE,241.0,165.0
Gigabyte GAMING OC Radeon RX 7600 8GB GDDR6,6599760,Radeon RX 7600,8.0,1876.0,2755.0,BLACK,282.0,165.0
MSI MECH 2X OCV1 Radeon RX 6600 XT 8GB GDDR6 Black / Silver,15552000,Radeon RX 6600 XT,8.0,1968.0,2602.0,BLACK,215.0,160.0
MSI GAMING GeForce GTX 1050 2GB GDDR5 Red / Black,4752000,GeForce GTX 1050,2.0,1354.0,1556.0,RED,229.0,75.0
Asus DUAL GeForce GTX 1050 2GB GDDR5 White / Blue,4752000,GeForce GTX 1050,2.0,1404.0,1518.0,WHITE,212.0,75.0
Gigabyte OC GeForce GTX 1050 2GB GDDR5 Black / Orange,4752000,GeForce GTX 1050,2.0,1379.0,1518.0,BLACK,191.0,75.0
Inno3D Twin X2 OC GeForce GTX 1650 SUPER 4GB GDDR6 Black,10056000,GeForce GTX 1650 SUPER,4.0,1530.0,1755.0,BLACK,220.0,100.0
SAPPHIRE PURE AMD Radeon RX 7900 GRE 16GB GDDR6,16079760,Radeon RX 7900 GRE,16.0,1448.0,2333.0,WHITE,320.0,275.0
PowerColor AMD Radeon RX 7900 GRE Fighter OC 16GB GDDR6,16079760,Radeon RX 7900 GRE,16.0,1358.0,2293.0,BLACK,303.0,260.0
PowerColor AXRX 570 8GBD5-DM Radeon RX 570 4GB GDDR5 Black / Red,7176000,Radeon RX 570,4.0,1105.0,1244.0,BLACK,255.0,150.0
EVGA GeForce GT 1030 Gray 2GB GDDR5 Gray,2557440,GeForce GT 1030,2.0,1290.0,1544.0,GREY,168.0,30.0
Gigabyte GeForce GT 1030 White 2GB GDDR5 White,2557440,GeForce GT 1030,2.0,1252.0,1506.0,WHITE,175.0,30.0
MSI AERO ITX OC GeForce GT 1030 2GB GDDR5,2557440,GeForce GT 1030,2.0,1265.0,1518.0,BLACK,147.0,30.0
MSI GeForce RTX 2080 VENTUS 8GB GDDR6 Silver / Black,18600000,GeForce RTX 2080,8.0,1515.0,1710.0,GREY,268.0,215.0
Gigabyte GeForce RTX 2080 GAMING OC 8GB GDDR6 White / Black,18600000,GeForce RTX 2080,8.0,1710.0,1830.0,WHITE,286.0,215.0
MSI Gaming X Trio GeForce RTX 2080 8GB GDDR6 Black,18600000,GeForce RTX 2080,8.0,1515.0,1860.0,BLACK,327.0,215.0
Gainward GeForce GTX 980 Phantom 4GB GDDR5 Black / Silver,9336000,GeForce GTX 980,4.0,1203.0,1304.0,BLACK,274.0,165.0
Sapphire Radeon RX 6500 XT PULSE ITX PURE 4GB GDDR6 White,3839760,Radeon RX 6500 XT,4.0,2310.0,2825.0,WHITE,152.0,130.0
Sapphire PULSE OC Radeon RX 6500 XT 8GB GDDR6 Black / Red,5862240,Radeon RX 6500 XT,8.0,2310.0,2855.0,BLACK,194.0,130.0
Gigabyte GAMING OC Radeon RX 6500 XT 4GB GDDR6 Black / Gray,3839760,Radeon RX 6500 XT,4.0,2310.0,2825.0,BLACK,282.0,107.0
ASRock AMD Radeon RX 6600 Challenger 8GB GDDR6,5279760,Radeon RX 6600,8.0,1626.0,2491.0,WHITE,269.0,132.0
MSI ARMOR V1 Radeon RX 6600 8GB GDDR6 Black / Silver,5279760,Radeon RX 6600,8.0,1626.0,2491.0,BLACK,238.0,132.0
Sparkle Intel Arc B580 TITAN OC 12GB GDDR6,6959760,Arc B580,12.0,2670.0,2740.0,BLUE,315.0,200.0
ONIX LUMI Intel Arc B580 GDDR6 OC 12GB,6959760,Arc B580,12.0,2670.0,2740.0,WHITE,260.0,203.0
Intel Arc B580 Limited Edition 12GB GDDR6,6959760,Arc B580,12.0,2670.0,2670.0,BLACK,272.0,190.0
PowerColor Fighter Radeon RX 7600 XT 16GB GDDR6 Black,8639280,Radeon RX 7600 XT,16.0,1720.0,2755.0,BLACK,217.0,190.0
PowerColor Radeon RX 5500 XT AXRX 4GB GDDR6 Black,7176000,Radeon RX 5500 XT,4.0,1717.0,1845.0,BLACK,180.0,130.0
Asus GTX950-2G GeForce GTX 950 75W 2GB GDDR5 White / Blue,6120000,GeForce GTX 950,2.0,1026.0,1228.0,WHITE,210.0,75.0
EVGA Superclocked GeForce GTX 950 2GB GDDR5 Black,6120000,GeForce GTX 950,2.0,1152.0,1342.0,BLACK,173.0,90.0
Asus DUAL Radeon RX 480 4GB GDDR5 White / Black,9576000,Radeon RX 480,4.0,1120.0,1320.0,WHITE,242.0,150.0
MSI GAMING X Radeon RX 480 4GB GDDR5 Black / Red,9576000,Radeon RX 480,4.0,1120.0,1316.0,BLACK,276.0,150.0
EVGA GeForce GTX Titan X HYBRID 12GB GDDR5 Black / Silver,19176000,GeForce GTX Titan X,12.0,1152.0,1241.0,BLACK,267.0,250.0
Sparkle Arc A750 ROC Luna OC 8GB GDDR6 White,5976000,Arc A750,8.0,2050.0,2200.0,WHITE,281.0,225.0
Sparkle ROC OC Arc A750 8GB GDDR6 Black,5976000,Arc A750,8.0,2050.0,2200.0,BLACK,281.0,225.0
Sparkle TITAN OC Arc A750 8GB GDDR6 Blue / Black,5976000,Arc A750,8.0,2050.0,2300.0,BLUE,306.0,225.0
ASRock Intel Arc A380 Low Profile 6GB,3359760,Arc A380,6.0,2000.0,2050.0,BLACK,169.0,75.0
Sparkle GENIE Arc A380 6GB GDDR6 Blue,3359760,Arc A380,6.0,2000.0,2000.0,BLUE,145.0,75.0
SPARKLE Intel Arc B570 GUARDIAN OC 10GB GDDR6,6239760,Arc B570,10.0,2500.0,2660.0,BLUE,242.0,170.0
Acer Nitro Intel Arc B570 OC 10GB GDDR6,6239760,Arc B570,10.0,2500.0,2690.0,BLACK,272.0,150.0
ASRock Intel Arc A580 Challenger OC 8GB GDDR6,5422320,Arc A580,8.0,1700.0,2000.0,BLACK,271.0,175.0
Sparkle ORC OC Arc A580 8GB GDDR6 Blue / Black,5422320,Arc A580,8.0,1700.0,2000.0,BLUE,222.0,175.0
EVGA GeForce GTX Titan Black Superclocked 6GB GDDR5 Black / Silver,11976000,GeForce GTX Titan Black,6.0,967.0,1072.0,BLACK,266.0,250.0
EVGA Superclocked GeForce GTX Titan Z 12GB GDDR5 Black / Silver,21576000,GeForce GTX Titan Z,12.0,732.0,915.0,BLACK,267.0,375.0
MSI GAMING Radeon R9 390 8GB GDDR5 Black / Red,9336000,Radeon R9 390,8.0,1000.0,1060.0,BLACK,277.0,275.0
MSI N760-2GD5/OC GeForce GTX 760 2GB GDDR5 Black,6456000,GeForce GTX 760,2.0,1006.0,1072.0,BLACK,242.0,170.0
PNY RTX A4000 RTX A-Series RTX A4000 Black / Gold 16GB GDDR6,22656000,RTX A4000,16.0,735.0,1560.0,BLACK,241.0,140.0
PNY RTX A-Series RTX A5000 24GB GDDR6 Black,180392160,RTX A5000,24.0,1170.0,1695.0,BLACK,267.0,230.0
Sparkle ECO Arc A310 4GB GDDR6,3119760,Arc A310,4.0,2000.0,2000.0,BLUE,156.0,50.0
AMD 100-300000075 Radeon PRO W7800 32GB GDDR6 Black,57171360,Radeon PRO W7800,32.0,1855.0,2499.0,BLACK,280.0,260.0
AMD Radeon PRO W6400 Blue 4GB GDDR6 Blue,5174160,Radeon PRO W6400,4.0,2331.0,2331.0,BLUE,168.0,50.0
AMD Radeon PRO W6600 8GB GDDR6 Blue,7463760,Radeon PRO W6600,8.0,2331.0,2580.0,BLUE,241.0,120.0
AMD Radeon PRO W6800 32GB GDDR6 Blue / Gray,55199040,Radeon PRO W6800,32.0,2075.0,2320.0,BLUE,267.0,250.0
AMD Radeon PRO W7500 Black 8GB GDDR6,10296000,Radeon PRO W7500,8.0,1500.0,1700.0,BLACK,216.0,70.0
AMD Radeon PRO W7600 8GB GDDR6 Black,13895520,Radeon PRO W7600,8.0,1720.0,2440.0,BLACK,241.0,130.0
AMD Radeon PRO W7900 Professional Graphics 48GB GDDR6,87360000,Radeon PRO W7900,48.0,1855.0,2495.0,BLACK,280.0,295.0
AMD Vega Frontier Edition Vega Frontier Edition 16GB HBM2 Blue / Gold,27576000,Vega Frontier Edition,16.0,1440.0,1600.0,BLUE,267.0,300.0
ASRock AMD Radeon RX 6400 Challenger ITX 4GB GDDR6,5197440,Radeon RX 6400,4.0,1923.0,2321.0,BLACK,162.0,53.0
ATI FirePro W600 FirePro W600 2GB GDDR5 Black / Red,5639040,FirePro W600,2.0,600.0,600.0,BLACK,163.0,26.0
Asus GeForce GT 730 2 GB GDDR5,1919760,GeForce GT 730,2.0,902.0,902.0,BLACK,150.0,38.0
Asus R9290X-G Radeon R9 290X 4GB GDDR5 Black / Red,5040000,Radeon R9 290X,4.0,772.0,1000.0,BLACK,276.0,300.0
HP FirePro W7100 J3G93AT 8GB GDDR5 Black / Red,4559040,FirePro W7100,8.0,920.0,920.0,BLACK,241.0,150.0
MSI 2GD3 LP Radeon R7 240 2GB DDR3 Black / Silver,2993760,Radeon R7 240,2.0,730.0,780.0,BLACK,144.0,30.0
MSI TWIN FROZR Black / Red Radeon R9 270X 2GB GDDR5 Black / Red,7176000,Radeon R9 270X,2.0,1030.0,1120.0,BLACK,260.0,180.0
NVIDIA Quadro RTX 8000 48GB GDDR6,79127040,Quadro RTX 8000,48.0,1395.0,1770.0,BLACK,267.0,295.0
NVIDIA RTX A1000 8GB GDDR6 Black,11995920,RTX A1000,8.0,727.0,1462.0,BLACK,163.0,50.0
NVIDIA Titan V Titan V Black / Gold 12GB HBM2 Black / Gold,30000000,Titan V,12.0,1200.0,1455.0,BLACK,267.0,250.0
PNY NVIDIA Quadro P600 2GB GDDR5,1536960,Quadro P600,2.0,1329.0,1557.0,BLACK,150.0,40.0
PNY NVIDIA Quadro P620 2GB GDDR5,2185680,Quadro P620,2.0,1266.0,1354.0,BLACK,145.0,40.0
PNY NVIDIA RTX A6000 48GB GDDR6,119376000,RTX A6000,48.0,1410.0,1860.0,BLACK,267.0,300.0
PNY Quadro M2000 Quadro M2000 Black 4GB GDDR5 Black,2258640,Quadro M2000,4.0,872.0,1180.0,BLACK,168.0,75.0
PNY Quadro P2000 Black 5GB GDDR5 Black,4560000,Quadro P2000,5.0,1370.0,1470.0,BLACK,201.0,75.0
PNY Quadro P400 Quadro P400 2GB GDDR5 Black,2159760,Quadro P400,2.0,1070.0,1170.0,BLACK,145.0,30.0
PNY Quadro P4000 Quadro P4000 Black / Green 8GB GDDR5 Black / Green,7214640,Quadro P4000,8.0,1227.0,1480.0,BLACK,242.0,105.0
PNY Quadro RTX 5000 Silver / Black 16GB GDDR6 Silver / Black,17999040,Quadro RTX 5000,16.0,1620.0,1815.0,GREY,267.0,265.0
PNY Quadro RTX 6000 VCQRTX6000-PB 24GB GDDR6 Black / Silver,44280000,Quadro RTX 6000,24.0,1440.0,1770.0,BLACK,267.0,295.0
PNY RTX A-Series RTX A4500 20GB GDDR6 Black,41520000,RTX A4500,20.0,1050.0,1650.0,BLACK,267.0,200.0
PNY T600 T-Series 4GB GDDR6 Black / Gray,7176000,T600,4.0,735.0,1335.0,BLACK,156.0,40.0
PNY VCQK1200DP-PB Quadro K1200 4GB GDDR5 Black / Green,3312240,Quadro K1200,4.0,1058.0,1124.0,BLACK,160.0,45.0
PNY VCQP1000-PB Quadro P1000 4GB GDDR5 Black,2568000,Quadro P1000,4.0,1354.0,1455.0,BLACK,145.0,47.0
PNY VCQRTX4000-PB Quadro RTX 4000 8GB GDDR6 Silver / Black,8399040,Quadro RTX 4000,8.0,1005.0,1545.0,GREY,267.0,160.0
AMD Radeon RX 7900 XT Black 20GB GDDR6 Black,23924880,Radeon RX 7900 XT,20.0,2000.0,2400.0,BLACK,276.0,300.0
ASRock AMD Radeon RX 7900 XT Phantom Gaming 20GB OC GDDR6,23924880,Radeon RX 7900 XT,20.0,1567.0,2450.0,BLACK,330.0,300.0
ASRock Creator Radeon RX 7900 XT 20GB GDDR6 Black / Silver,23924880,Radeon RX 7900 XT,20.0,2000.0,2395.0,BLACK,312.0,300.0
ASRock Intel Arc B570 Challenger 10GB GDDR6 OC,6239760,Arc B570,10.0,2500.0,2600.0,BLACK,249.0,150.0
ASRock Radeon RX 7900 XT Black 20GB GDDR6 Black,23924880,Radeon RX 7900 XT,20.0,2000.0,2400.0,BLACK,276.0,300.0
ASRock Radeon RX 7900 XT Phantom Gaming OC 20GB GDDR6 White,23924880,Radeon RX 7900 XT,20.0,1387.0,2450.0,WHITE,330.0,300.0
ASRock Taichi OC Radeon RX 7900 XT 20GB GDDR6 Black,23924880,Radeon RX 7900 XT,20.0,2000.0,2560.0,BLACK,345.0,300.0
ASUS TUF Gaming Radeon RX 7900 XT OC Edition 20GB GDDR6,23924880,Radeon RX 7900 XT,20.0,1687.0,2500.0,BLACK,353.0,300.0
Asus DUAL GeForce RTX 2080 Ti 11GB GDDR6 Black / White,21096000,GeForce RTX 2080 Ti,11.0,1350.0,1560.0,BLACK,268.0,250.0
Asus DUAL OC Radeon RX 7900 XT 20GB GDDR6 Black,23924880,Radeon RX 7900 XT,20.0,2000.0,2535.0,BLACK,323.0,300.0
Asus STRIX GAMING GeForce RTX 2080 Ti 11GB GDDR6 Black,21096000,GeForce RTX 2080 Ti,11.0,1350.0,1560.0,BLACK,305.0,250.0
Asus rx7900xt-20g Radeon RX 7900 XT 20GB GDDR6 Black,23924880,Radeon RX 7900 XT,20.0,2000.0,2400.0,BLACK,276.0,300.0
EVGA Black / Clear GeForce RTX 2080 Ti 11GB GDDR6 Black,21096000,GeForce RTX 2080 Ti,11.0,1350.0,1545.0,BLACK,270.0,250.0
EVGA FTW3 ULTRA GAMING GeForce RTX 2080 Ti 11GB GDDR6 Clear / Black,21096000,GeForce RTX 2080 Ti,11.0,1350.0,1755.0,BLACK,302.0,250.0
EVGA FTW3 ULTRA HYBRID GAMING GeForce RTX 2080 Ti 11GB GDDR6 Black / Clear,21096000,GeForce RTX 2080 Ti,11.0,1350.0,1755.0,BLACK,291.0,250.0
EVGA XC GAMING GeForce RTX 2080 Ti 11GB GDDR6 Black / Clear,21096000,GeForce RTX 2080 Ti,11.0,1350.0,1635.0,BLACK,270.0,250.0
EVGA XC HYBRID GAMING GeForce RTX 2080 Ti 11GB GDDR6 Black / Clear,21096000,GeForce RTX 2080 Ti,11.0,1350.0,1635.0,BLACK,269.0,250.0
EVGA XC ULTRA GAMING GeForce RTX 2080 Ti 11GB GDDR6 Black / Clear,21096000,GeForce RTX 2080 Ti,11.0,1350.0,1650.0,BLACK,270.0,250.0
EVGA XC2 ULTRA GAMING GeForce RTX 2080 Ti 11GB GDDR6 Clear / Black,21096000,GeForce RTX 2080 Ti,11.0,1350.0,1650.0,BLACK,270.0,250.0
Gigabyte AORUS GeForce RTX 2080 Ti 11GB GDDR6 Black,21096000,GeForce RTX 2080 Ti,11.0,1545.0,1695.0,BLACK,290.0,250.0
Gigabyte AORUS XTREME GeForce RTX 2080 Ti 11GB GDDR6 Black,21096000,GeForce RTX 2080 Ti,11.0,1350.0,1770.0,BLACK,290.0,250.0
Gigabyte GAMING OC Radeon RX 7900 XT 20GB GDDR6 Black,23924880,Radeon RX 7900 XT,20.0,2000.0,2535.0,BLACK,331.0,300.0
Gigabyte GV-R79XT-20GC-B Radeon RX 7900 XT 20GB GDDR6 Black,23924880,Radeon RX 7900 XT,20.0,2000.0,2400.0,BLACK,276.0,300.0
Gigabyte GeForce RTX 2080 Ti AORUS XTREME WATERFORCE 11GB GDDR6 Black / Silver,21096000,GeForce RTX 2080 Ti,11.0,1545.0,1770.0,BLACK,290.0,250.0
Gigabyte TURBO GeForce RTX 2080 Ti 11GB GDDR6 Black / Silver,21096000,GeForce RTX 2080 Ti,11.0,1350.0,1545.0,BLACK,272.0,250.0
MSI AERO GeForce RTX 2080 Ti 11GB GDDR6 Black,21096000,GeForce RTX 2080 Ti,11.0,1350.0,1545.0,BLACK,268.0,250.0
MSI GAMING TRIO GeForce RTX 2080 Ti 11GB GDDR6 Black / Silver,21096000,GeForce RTX 2080 Ti,11.0,1350.0,1635.0,BLACK,327.0,250.0
MSI GeForce RTX 2080 Ti VENTUS 11G OC GDDR6,21096000,GeForce RTX 2080 Ti,11.0,1350.0,1635.0,BLACK,268.0,260.0
MSI LIGHTNING Z GeForce RTX 2080 Ti 11GB GDDR6 Black / Gold,21096000,GeForce RTX 2080 Ti,11.0,1350.0,1770.0,BLACK,328.0,300.0
MSI SEA HAWK X GeForce RTX 2080 Ti 11GB GDDR6 Black / Silver,21096000,GeForce RTX 2080 Ti,11.0,1350.0,1755.0,BLACK,268.0,250.0
PNY Blower GeForce RTX 2080 Ti 11GB GDDR6 Black,21096000,GeForce RTX 2080 Ti,11.0,1350.0,1545.0,BLACK,267.0,250.0
PNY GeForce RTX 2080 Ti 11GB XLR8 Gaming Overclocked Edition GDDR6,21096000,GeForce RTX 2080 Ti,11.0,1350.0,1635.0,BLACK,314.0,260.0
PNY GeForce RTX 2080 Ti Blower 11GB GDDR6 Black,21096000,GeForce RTX 2080 Ti,11.0,1350.0,1545.0,BLACK,269.0,250.0
Palit GamingPro OC GeForce RTX 2080 Ti 11GB GDDR6 Black / Gold,21096000,GeForce RTX 2080 Ti,11.0,1350.0,1650.0,BLACK,292.0,260.0
PowerColor AMD Radeon RX 7900 XT 20GB GDDR6,23924880,Radeon RX 7900 XT,20.0,2000.0,2400.0,BLACK,276.0,300.0
PowerColor Hellhound AMD Radeon RX 7900 XT 20GB OC GDDR6,23924880,Radeon RX 7900 XT,20.0,1687.0,2500.0,BLACK,320.0,300.0
PowerColor Red Devil Radeon RX 7900 XT 20GB GDDR6 Black,23924880,Radeon RX 7900 XT,20.0,2000.0,2535.0,BLACK,338.0,300.0
Sapphire AMD Radeon RX 7900 XT 20GB GDDR6,23924880,Radeon RX 7900 XT,20.0,1387.0,2400.0,BLACK,276.0,300.0
Sapphire PULSE AMD Radeon RX 7900 XT 20GB GDDR6,23924880,Radeon RX 7900 XT,20.0,1567.0,2450.0,BLACK,313.0,331.0
Sapphire Radeon RX 7900 XT Radeon RX 7900 XT 20GB GDDR6 Black,23924880,Radeon RX 7900 XT,20.0,2000.0,2400.0,BLACK,276.0,308.0
XFX RX-79TMBABF9 Radeon RX 7900 XT 20GB GDDR6 Black,23924880,Radeon RX 7900 XT,20.0,2000.0,2400.0,BLACK,276.0,300.0
XFX Radeon RX 7900 XT Gaming 20GB GDDR6,23924880,Radeon RX 7900 XT,20.0,1387.0,2400.0,BLACK,276.0,300.0
XFX SPEEDSTER MERC 310 AMD Radeon RX 7900 XT 20GB GDDR6,23924880,Radeon RX 7900 XT,20.0,1775.0,2535.0,BLACK,344.0,300.0
XFX SPEEDSTER MERC 310 AMD Radeon RX 7900 XT Black Edition 20GB GDDR6,23924880,Radeon RX 7900 XT,20.0,1810.0,2560.0,BLACK,344.0,300.0
XFX Speedster MERC 310 AMD Radeon RX 7900 XT White Edition 20GB GDDR6,23924880,Radeon RX 7900 XT,20.0,1775.0,2535.0,WHITE,344.0,300.0
Zotac AMP Extreme GeForce RTX 2080 Ti 11GB GDDR6 Black / Silver,21096000,GeForce RTX 2080 Ti,11.0,1545.0,1815.0,BLACK,324.0,250.0
Zotac GAMING AMP GeForce RTX 2080 Ti 11GB GDDR6 Black,21096000,GeForce RTX 2080 Ti,11.0,1350.0,1665.0,BLACK,308.0,250.0
Zotac GAMING Triple Fan GeForce RTX 2080 Ti 11GB GDDR6 Black,21096000,GeForce RTX 2080 Ti,11.0,1350.0,1545.0,BLACK,308.0,250.0
Zotac GeForce RTX 2080 Ti Blower 11GB GDDR6 Black / Silver,21096000,GeForce RTX 2080 Ti,11.0,1350.0,1545.0,BLACK,268.0,250.0
Zotac GeForce RTX 2080 Ti Twin 11GB GDDR6 Black,21096000,GeForce RTX 2080 Ti,11.0,1350.0,1545.0,BLACK,268.0,250.0
AMD 100-300000069 Radeon RX 7900 XTX 24GB GDDR6X Black,21599760,Radeon RX 7900 XTX,24.0,2300.0,2500.0,BLACK,287.0,355.0
AMD Midnight Black Radeon RX 6800 XT 16GB GDDR6 Black,17256000,Radeon RX 6800 XT,16.0,1825.0,2250.0,BLACK,267.0,300.0
AMD Radeon RX 5700 XT 50th Anniversary 8GB GDDR6 Gold / Black,14280000,Radeon RX 5700 XT,8.0,1680.0,1980.0,GOLD,272.0,235.0
AMD Radeon RX 6800 XT Black / Silver 16GB GDDR6,17256000,Radeon RX 6800 XT,16.0,1825.0,2250.0,BLACK,267.0,300.0
AMD Radeon RX 6900 XT 16GB GDDR6 Black / Silver,18479760,Radeon RX 6900 XT,16.0,1825.0,2250.0,BLACK,267.0,300.0
AMD Radeon RX 7600 8GB GDDR6 Black,6599760,Radeon RX 7600,8.0,1720.0,2655.0,BLACK,204.0,165.0
AORUS GeForce RTX 3070 MASTER 8G (Rev. 1.0/1.1) GDDR6,16752000,GeForce RTX 3070,8.0,1500.0,1845.0,BLACK,290.0,220.0
ASROCK AMD Radeon RX 7700 XT Challenger 12GB OC,9599280,Radeon RX 7700 XT,12.0,1603.0,2584.0,BLACK,267.0,245.0
ASRock AMD Radeon RX 6600 XT Challenger D 8GB OC GDDR6,15552000,Radeon RX 6600 XT,8.0,2000.0,2593.0,BLACK,269.0,160.0
ASRock AMD Radeon RX 7600 Challenger 8GB OC GDDR6,6599760,Radeon RX 7600,8.0,1772.0,2695.0,BLACK,269.2,165.0
ASRock AMD Radeon RX 7700 XT Challenger 12GB OC GDDR6,9599280,Radeon RX 7700 XT,12.0,1603.0,2584.0,BLACK,267.0,245.0
ASRock AMD Radeon RX 7800 XT Challenger 16GB OC GDDR6,14399760,Radeon RX 7800 XT,16.0,1397.0,2475.0,BLACK,267.0,263.0
ASRock CLI Radeon RX 6500 XT 4GB GDDR6 Black,3839760,Radeon RX 6500 XT,4.0,2310.0,2815.0,BLACK,179.0,107.0
ASRock Challenger D OC Radeon RX 5500 XT 4GB GDDR6 Black / Yellow,7176000,Radeon RX 5500 XT,4.0,1685.0,1845.0,BLACK,241.0,130.0
ASRock Challenger D OC Radeon RX 5700 XT 8GB GDDR6 Black / Yellow,14280000,Radeon RX 5700 XT,8.0,1650.0,1905.0,BLACK,281.0,225.0
ASRock Challenger D Radeon RX 6600 8 GB,5279760,Radeon RX 6600,8.0,1626.0,2491.0,BLACK,269.0,132.0
ASRock Challenger ITX Radeon RX 6600 8GB GDDR6 Black,5279760,Radeon RX 6600,8.0,1626.0,2491.0,BLACK,179.0,132.0
ASRock Challenger OC Arc B580 12GB GDDR6,6959760,Arc B580,12.0,2670.0,2740.0,BLACK,249.0,190.0
ASRock Challenger OC Radeon RX 7900 GRE 16GB GDDR6 Black,16079760,Radeon RX 7900 GRE,16.0,1270.0,2293.0,BLACK,269.0,260.0
ASRock Challenger Pro OC Radeon RX 5700 XT 8GB GDDR6 Black / Gray,14280000,Radeon RX 5700 XT,8.0,1580.0,1905.0,BLACK,291.0,225.0
ASRock Creator Radeon RX 7900 XTX 24GB GDDR6 Black / Silver,21599760,Radeon RX 7900 XTX,24.0,2300.0,2500.0,BLACK,312.0,355.0
ASRock Intel Arc A380 Challenger ITX 6GB GDDR6 OC,3359760,Arc A380,6.0,2250.0,2250.0,BLACK,190.0,75.0
ASRock Intel Arc B580 Challenger 12GB OC GDDR6,6959760,Arc B580,12.0,2670.0,2740.0,BLACK,249.0,190.0
ASRock OC Formula Radeon RX 6900 XT 16GB GDDR6 Silver / Black,18479760,Radeon RX 6900 XT,16.0,2125.0,2475.0,GREY,332.0,300.0
ASRock Phantom Gaming D OC Radeon RX 5700 XT 8GB GDDR6 Black / Red,14280000,Radeon RX 5700 XT,8.0,1690.0,1945.0,BLACK,287.0,225.0
ASRock Phantom Gaming D OC Radeon RX 6500 XT 4GB GDDR6,3839760,Radeon RX 6500 XT,4.0,2365.0,2820.0,BLACK,240.0,107.0
ASRock Phantom Gaming D OC Radeon RX 6900 XT 16GB GDDR6 Black / Silver,18479760,Radeon RX 6900 XT,16.0,1925.0,2340.0,BLACK,330.0,300.0
ASRock Phantom Gaming D Radeon RX 570 4GB GDDR5 Black,7176000,Radeon RX 570,4.0,1168.0,1244.0,BLACK,236.0,150.0
ASRock Phantom Gaming OC Radeon RX 6800 XT 16GB GDDR6 Black / Red,17256000,Radeon RX 6800 XT,16.0,1875.0,2310.0,BLACK,330.0,300.0
ASRock Phantom Gaming OC Radeon RX 7700 XT 12GB GDDR6 Black,9599280,Radeon RX 7700 XT,12.0,1700.0,2599.0,BLACK,328.0,245.0
ASRock Phantom Gaming OC Radeon RX 7800 XT 16GB GDDR6 Black,14399760,Radeon RX 7800 XT,16.0,1295.0,2565.0,BLACK,328.0,263.0
ASRock Phantom Gaming OC Radeon RX 7900 XTX 24GB GDDR6,21599760,Radeon RX 7900 XTX,24.0,2075.0,2615.0,BLACK,330.0,355.0
ASRock Phantom Gaming Radeon RX 6500 XT 8GB GDDR6,5862240,Radeon RX 6500 XT,8.0,2420.0,2825.0,BLACK,240.0,107.0
ASRock Radeon RX 5700 XT Taichi X OC+ 8GB GDDR6 Black / Gold,14280000,Radeon RX 5700 XT,8.0,1810.0,2025.0,BLACK,324.0,225.0
ASRock Radeon RX 6800 XT Black / Silver 16GB GDDR6,17256000,Radeon RX 6800 XT,16.0,1825.0,2250.0,BLACK,267.0,300.0
ASRock Radeon RX 6900 XT Black / Silver 16GB GDDR6,18479760,Radeon RX 6900 XT,16.0,1825.0,2250.0,BLACK,267.0,300.0
ASRock Radeon RX 7600 Phantom Gaming OC 8GB GDDR6 Black,6599760,Radeon RX 7600,8.0,1720.0,2755.0,BLACK,305.0,165.0
ASRock Radeon RX 7600 XT Challenger OC 16GB GDDR6 Black,8639280,Radeon RX 7600 XT,16.0,1720.0,2799.0,BLACK,267.0,190.0
ASRock Radeon RX 7800 XT Steel Legend OC 16GB GDDR6 White,14399760,Radeon RX 7800 XT,16.0,1295.0,2520.0,WHITE,304.0,263.0
ASRock Radeon RX 7900 XTX 24GB GDDR6 Black,21599760,Radeon RX 7900 XTX,24.0,2300.0,2500.0,BLACK,287.0,355.0
ASRock Silver Radeon RX 5700 XT 8GB GDDR6,14280000,Radeon RX 5700 XT,8.0,1605.0,1905.0,GREY,285.0,225.0
ASRock Steel Legend OC Arc B580 12GB GDDR6,6959760,Arc B580,12.0,2670.0,2800.0,WHITE,298.0,190.0
ASRock Steel Legend OC Radeon RX 7600 8GB GDDR6,6599760,Radeon RX 7600,8.0,1720.0,2725.0,WHITE,303.0,165.0
ASRock Steel Legend OC Radeon RX 7700 XT 12GB GDDR6 White,9599280,Radeon RX 7700 XT,12.0,1700.0,2599.0,WHITE,304.0,245.0
ASRock Steel Legend OC Radeon RX 7900 GRE 16GB GDDR6 White,16079760,Radeon RX 7900 GRE,16.0,1270.0,2333.0,WHITE,304.0,260.0
ASRock Taichi OC Radeon RX 7900 XTX 24GB GDDR6 Black,21599760,Radeon RX 7900 XTX,24.0,2300.0,2680.0,BLACK,345.0,355.0
ASRock Taichi OC Radeon RX 7900 XTX 24GB GDDR6 White,21599760,Radeon RX 7900 XTX,24.0,2300.0,2680.0,WHITE,345.0,355.0
ASUS Dual GeForce RTX 4060 EVO OC Edition 8GB GDDR6,10799760,GeForce RTX 4060,8.0,1830.0,2505.0,BLACK,227.2,115.0
ASUS Dual GeForce RTX 4060 V2 OC Edition 8GB GDDR6,10799760,GeForce RTX 4060,8.0,1830.0,2505.0,BLACK,202.0,115.0
ASUS Dual GeForce RTX 4060 White OC Edition 8GB GDDR6,10799760,GeForce RTX 4060,8.0,1830.0,2505.0,WHITE,227.2,115.0
ASUS Dual GeForce RTX 4070 SUPER EVO OC Edition 12GB GDDR6X,20302320,GeForce RTX 4070 SUPER,12.0,1980.0,2520.0,BLACK,227.2,220.0
ASUS Dual GeForce RTX 4070 SUPER EVO White Edition 12GB GDDR6X,20302320,GeForce RTX 4070 SUPER,12.0,1980.0,2475.0,BLACK,227.2,220.0
ASUS Dual GeForce RTX 4070 SUPER EVO White OC Edition 12GB GDDR6X,20302320,GeForce RTX 4070 SUPER,12.0,1980.0,2520.0,WHITE,227.2,220.0
ASUS Dual GeForce RTX 5050 8GB GDDR6,5999760,GeForce RTX 5050,8.0,2317.0,2572.0,BLACK,203.0,130.0
ASUS Dual GeForce RTX 5050 8GB GDDR6 OC Edition,5999760,GeForce RTX 5050,8.0,2317.0,2647.0,BLACK,203.0,130.0
ASUS Dual Radeon RX 7600 V2 OC Edition 8GB GDDR6,6599760,Radeon RX 7600,8.0,1772.0,2695.0,BLACK,205.0,165.0
ASUS Dual Radeon RX 7700 XT OC Edition 12GB GDDR6,9599280,Radeon RX 7700 XT,12.0,1603.0,2584.0,BLACK,279.9,245.0
ASUS GeForce GT 1030 2GB GDDR5,2557440,GeForce GT 1030,2.0,1228.0,1468.0,BLACK,145.0,30.0
ASUS PRIME GeForce RTX 4070 SUPER 12GB GDDR6X OC Edition,20302320,GeForce RTX 4070 SUPER,12.0,1980.0,2520.0,BLACK,269.0,220.0
ASUS Prime GeForce RTX 5050 8GB GDDR6 OC Edition,5999760,GeForce RTX 5050,8.0,2317.0,2677.0,BLACK,268.3,130.0
ASUS ROG Astral GeForce RTX 5090 32GB GDDR7,80639760,GeForce RTX 5090,32.0,2017.0,2437.0,BLACK,357.6,575.0
ASUS ROG Astral GeForce RTX 5090 32GB GDDR7 WHITE OC Edition,80639760,GeForce RTX 5090,32.0,2017.0,2580.0,WHITE,357.6,575.0
ASUS ROG STRIX GeForce GTX 1080 GAMING 8GB GDDR5X,11976000,GeForce GTX 1080,8.0,1607.0,1898.0,BLACK,298.0,180.0
ASUS ROG Strix GeForce RTX 3070 OC 8GB GDDR6,16752000,GeForce RTX 3070,8.0,1500.0,1905.0,BLACK,319.0,220.0
ASUS ROG Strix GeForce RTX 3070 Ti OC Edition 8GB GDDR6X,18360000,GeForce RTX 3070 Ti,8.0,1575.0,1845.0,BLACK,318.5,290.0
ASUS TUF Gaming GeForce GTX 1660 SUPER OC Edition 6GB GDDR6,8136000,GeForce GTX 1660 SUPER,6.0,1530.0,1815.0,BLACK,206.0,125.0
ASUS TUF Gaming GeForce RTX 3060 Ti OC Edition 8GB GDDR6,11738160,GeForce RTX 3060 Ti,8.0,1410.0,1755.0,BLACK,301.0,220.0
ASUS TUF Gaming GeForce RTX 3060 Ti V2 OC Edition 8GB GDDR6 LHR,11738160,GeForce RTX 3060 Ti,8.0,1410.0,1755.0,BLACK,301.0,220.0
ASUS TUF Gaming GeForce RTX 3070 OC Edition 8GB GDDR6,16752000,GeForce RTX 3070,8.0,1500.0,1815.0,GREY,299.9,220.0
ASUS TUF Gaming GeForce RTX 3070 Ti OC Edition 8GB GDDR6X,18360000,GeForce RTX 3070 Ti,8.0,1575.0,1770.0,BLACK,299.9,290.0
ASUS TUF Gaming GeForce RTX 5090 32GB GDDR7,80639760,GeForce RTX 5090,32.0,2017.0,2407.0,BLACK,348.0,575.0
ASUS TUF Gaming GeForce RTX™ 5090 32GB GDDR7 OC Edition,80639760,GeForce RTX 5090,32.0,2017.0,2550.0,GREY,348.0,575.0
ASUS TUF Gaming GeForce® GTX 1660 Ti EVO OC Edition 6GB GDDR6,10200000,GeForce GTX 1660 Ti,6.0,1500.0,1815.0,BLACK,206.0,120.0
Acer Nitro Intel Arc B580 OC 12GB GDDR6,6959760,Arc B580,12.0,2670.0,2740.0,BLACK,268.0,190.0
Acer Nitro OC Radeon RX 7600 XT 16GB GDDR6 Black,8639280,Radeon RX 7600 XT,16.0,1720.0,2810.0,BLACK,265.0,190.0
Acer Nitro OC Radeon RX 7700 XT 12GB GDDR6 Black,9599280,Radeon RX 7700 XT,12.0,1700.0,2590.0,BLACK,279.0,245.0
Acer Nitro OC Radeon RX 7800 XT 16GB GDDR6 Black,14399760,Radeon RX 7800 XT,16.0,1295.0,2565.0,BLACK,279.0,263.0
Acer Nitro OC Radeon RX 7900 GRE 16GB GDDR6 Black,16079760,Radeon RX 7900 GRE,16.0,1270.0,2300.0,BLACK,281.0,260.0
Acer Predator BiFrost OC Radeon RX 7600 8GB GDDR6 Black,6599760,Radeon RX 7600,8.0,1720.0,2725.0,BLACK,267.0,165.0
Acer Predator BiFrost OC Radeon RX 7800 XT 16GB GDDR6 Black,14399760,Radeon RX 7800 XT,16.0,1295.0,2565.0,BLACK,282.0,263.0
Acer Radeon RX 7900 GRE Predator BiFrost OC 16GB GDDR6 Black,16079760,Radeon RX 7900 GRE,16.0,1270.0,2395.0,BLACK,284.0,301.0
Asus CERBERUS GeForce GTX 1050 Ti 4GB GDDR5 Black / Red,6335760,GeForce GTX 1050 Ti,4.0,1328.0,1442.0,BLACK,203.0,75.0
Asus DUAL Advanced GeForce RTX 4060 Ti 16GB GDDR6 Black,18620880,GeForce RTX 4060 Ti,16.0,2310.0,2580.0,BLACK,227.0,165.0
Asus DUAL EVO Advanced GeForce RTX 2070 SUPER 8GB GDDR6 Black,16536000,GeForce RTX 2070 SUPER,8.0,1635.0,1815.0,BLACK,267.0,215.0
Asus DUAL EVO GeForce RTX 2070 8GB GDDR6 Black,16440000,GeForce RTX 2070,8.0,1410.0,1650.0,BLACK,267.0,185.0
Asus DUAL EVO GeForce RTX 4060 8GB GDDR6 Black,10799760,GeForce RTX 4060,8.0,1830.0,2490.0,BLACK,227.0,115.0
Asus DUAL EVO GeForce RTX 4060 Ti 16GB GDDR6 Black,18620880,GeForce RTX 4060 Ti,16.0,2310.0,2565.0,BLACK,227.0,165.0
Asus DUAL EVO OC Edition Radeon RX 7600 8GB GDDR6,6599760,Radeon RX 7600,8.0,18000.0,2695.0,BLACK,229.0,165.0
Asus DUAL EVO OC GeForce GTX 1660 SUPER 6GB GDDR6 Black,8136000,GeForce GTX 1660 SUPER,6.0,1530.0,1860.0,BLACK,242.0,125.0
Asus DUAL EVO OC GeForce RTX 2060 SUPER 8GB GDDR6 Black,13800000,GeForce RTX 2060 SUPER,8.0,1500.0,1725.0,BLACK,267.0,175.0
Asus DUAL EVO OC GeForce RTX 2070 8GB GDDR6 Black,16440000,GeForce RTX 2070,8.0,1410.0,1740.0,BLACK,267.0,185.0
Asus DUAL EVO OC GeForce RTX 2070 SUPER 8GB GDDR6 Black,16536000,GeForce RTX 2070 SUPER,8.0,1635.0,1845.0,BLACK,267.0,215.0
Asus DUAL EVO OC GeForce RTX 2080 8GB GDDR6 Black,18600000,GeForce RTX 2080,8.0,1515.0,1830.0,BLACK,267.0,215.0
Asus DUAL EVO OC GeForce RTX 4060 Ti 16GB GDDR6 Black,18620880,GeForce RTX 4060 Ti,16.0,2310.0,2625.0,BLACK,227.0,165.0
Asus DUAL EVO OC V2 GeForce RTX 2060 SUPER 8GB GDDR6 Black,13800000,GeForce RTX 2060 SUPER,8.0,1470.0,1725.0,BLACK,242.0,175.0
Asus DUAL EVO OC V2 GeForce RTX 2070 8GB GDDR6 Black,16440000,GeForce RTX 2070,8.0,1410.0,1740.0,BLACK,242.0,185.0
Asus DUAL GeForce RTX 2070 8GB GDDR6 Black / White,16440000,GeForce RTX 2070,8.0,1410.0,1650.0,BLACK,268.0,185.0
Asus DUAL GeForce RTX 3070 8GB GDDR6 Black,16752000,GeForce RTX 3070,8.0,1500.0,1755.0,BLACK,267.0,220.0
Asus DUAL GeForce RTX 4060 8GB GDDR6 Black,10799760,GeForce RTX 4060,8.0,1830.0,2490.0,BLACK,227.0,115.0
Asus DUAL GeForce RTX 4060 8GB GDDR6 White / Translucent Black,10799760,GeForce RTX 4060,8.0,1830.0,2490.0,WHITE,227.0,115.0
Asus DUAL GeForce RTX 4070 SUPER 12GB GDDR6X Black,20302320,GeForce RTX 4070 SUPER,12.0,1980.0,2505.0,BLACK,267.0,220.0
Asus DUAL GeForce RTX 4070 SUPER 12GB GDDR6X White,20302320,GeForce RTX 4070 SUPER,12.0,1980.0,2505.0,WHITE,267.0,220.0
Asus DUAL MINI OC GeForce GTX 1660 SUPER 6GB GDDR6 Black,8136000,GeForce GTX 1660 SUPER,6.0,1530.0,1860.0,BLACK,197.0,125.0
Asus DUAL MINI OC GeForce RTX 2070 8GB GDDR6 Black,16440000,GeForce RTX 2070,8.0,1410.0,1680.0,BLACK,197.0,185.0
Asus DUAL MINI OC GeForce RTX 3060 Ti 8GB GDDR6 Black,11738160,GeForce RTX 3060 Ti,8.0,1410.0,1710.0,BLACK,200.0,200.0
Asus DUAL MINI OC V2 GeForce RTX 3060 Ti LHR 8GB GDDR6 Black,11738160,GeForce RTX 3060 Ti,8.0,1410.0,1710.0,BLACK,200.0,200.0
Asus DUAL MINI V2 GeForce RTX 3060 Ti LHR 8GB GDDR6 Black,11738160,GeForce RTX 3060 Ti,8.0,1410.0,1695.0,BLACK,200.0,200.0
Asus DUAL OC GeForce GTX 1660 Ti 6GB GDDR6 Black / White,10200000,GeForce GTX 1660 Ti,6.0,1500.0,1830.0,BLACK,215.0,120.0
Asus DUAL OC GeForce RTX 2070 8GB GDDR6 Black / White,16440000,GeForce RTX 2070,8.0,1410.0,1740.0,BLACK,268.0,185.0
Asus DUAL OC GeForce RTX 3060 Ti 8GB GDDR6 Black / Silver,11738160,GeForce RTX 3060 Ti,8.0,1410.0,1740.0,BLACK,269.0,200.0
Asus DUAL OC GeForce RTX 4060 Ti 16GB GDDR6 Black,18620880,GeForce RTX 4060 Ti,16.0,2310.0,2625.0,BLACK,227.0,165.0
Asus DUAL OC GeForce RTX 4070 SUPER 12GB GDDR6X Black,20302320,GeForce RTX 4070 SUPER,12.0,1980.0,2550.0,BLACK,267.0,220.0
Asus DUAL OC Radeon RX 6500 XT 4GB GDDR6 Black,3839760,Radeon RX 6500 XT,4.0,2310.0,2820.0,BLACK,201.0,107.0
Asus DUAL OC Radeon RX 6600 XT 8GB GDDR6 Black / White,15552000,Radeon RX 6600 XT,8.0,1968.0,2607.0,BLACK,243.0,160.0
Asus DUAL OC Radeon RX 7600 8GB GDDR6 Black,6599760,Radeon RX 7600,8.0,1720.0,2745.0,BLACK,245.0,165.0
Asus DUAL OC Radeon RX 7600 XT 16GB GDDR6 Black,8639280,Radeon RX 7600 XT,16.0,1720.0,2801.0,BLACK,227.0,190.0
Asus DUAL OC Radeon RX 7900 GRE 16GB GDDR6 Black,16079760,Radeon RX 7900 GRE,16.0,1270.0,2366.0,BLACK,280.0,260.0
Asus DUAL OC Radeon RX 7900 XTX 24GB GDDR6 Black,21599760,Radeon RX 7900 XTX,24.0,2300.0,2615.0,BLACK,323.0,355.0
Asus DUAL OC V2 GeForce RTX 3060 Ti LHR 8GB GDDR6 Black / Silver,11738160,GeForce RTX 3060 Ti,8.0,1410.0,1740.0,BLACK,269.0,200.0
Asus DUAL V2 Radeon RX 6600 8GB GDDR6 Black,5279760,Radeon RX 6600,8.0,1626.0,2491.0,BLACK,243.0,132.0
Asus Dual GeForce RTX 4060 OC Edition 8GB GDDR6,10799760,GeForce RTX 4060,8.0,1830.0,2505.0,BLACK,227.2,115.0
Asus Dual V3 Radeon RX 6600 8GB GDDR6 Black,5279760,Radeon RX 6600,8.0,1626.0,2491.0,BLACK,219.0,132.0
Asus Expedition Radeon RX 570 4GB GDDR5 Black / Red,7176000,Radeon RX 570,4.0,1168.0,1254.0,BLACK,240.0,150.0
Asus GTXTITANBLACK-6GD5 GeForce GTX Titan Black 6GB GDDR5 Black / Silver,11976000,GeForce GTX Titan Black,6.0,889.0,980.0,BLACK,274.0,250.0
Asus GeForce GT 1030 2GB GDDR5 Black / Blue,2557440,GeForce GT 1030,2.0,1266.0,1506.0,BLACK,169.0,30.0
Asus GeForce GTX 1050 Ti CERBERUS 4GB GDDR5 Black Red,6335760,GeForce GTX 1050 Ti,4.0,1341.0,1480.0,BLACK,203.0,75.0
Asus GeForce GTX 1080 STRIX 8GB GDDR5X Black,11976000,GeForce GTX 1080,8.0,1607.0,1733.0,BLACK,298.0,180.0
Asus GeForce GTX 1660 SUPER STRIX GAMING 6GB GDDR6 Black / Silver,8136000,GeForce GTX 1660 SUPER,6.0,1530.0,1815.0,BLACK,243.0,125.0
Asus GeForce GTX 1660 TUF GAMING OC 6GB GDDR5 Black,6456000,GeForce GTX 1660,6.0,1530.0,1785.0,BLACK,264.0,120.0
Asus GeForce GTX 1660 TUF OC 6GB GDDR5 Black / Gray,6456000,GeForce GTX 1660,6.0,1530.0,1845.0,BLACK,205.0,120.0
Asus GeForce GTX 980 Black / Silver 4GB GDDR5,9336000,GeForce GTX 980,4.0,1127.0,1216.0,BLACK,268.0,165.0
Asus GeForce GTX Titan X 12GB GDDR5 Black / Silver,19176000,GeForce GTX Titan X,12.0,1000.0,1075.0,BLACK,282.0,250.0
Asus GeForce RTX 2060 SUPER DUAL EVO 8GB GDDR6 Black,13800000,GeForce RTX 2060 SUPER,8.0,1500.0,1680.0,BLACK,267.0,175.0
Asus GeForce RTX 2060 SUPER STRIX GAMING Advanced 8GB GDDR6 Black,13800000,GeForce RTX 2060 SUPER,8.0,1500.0,1710.0,BLACK,301.0,175.0
Asus GeForce RTX 2070 STRIX GAMING OC 8GB GDDR6 Black,16440000,GeForce RTX 2070,8.0,1410.0,1845.0,BLACK,305.0,185.0
Asus GeForce RTX 2070 SUPER DUAL EVO 8GB GDDR6 Black,16536000,GeForce RTX 2070 SUPER,8.0,1635.0,1800.0,BLACK,267.0,215.0
Asus GeForce RTX 2070 SUPER STRIX GAMING Advanced 8GB GDDR6 Black,16536000,GeForce RTX 2070 SUPER,8.0,1635.0,1830.0,BLACK,300.0,215.0
Asus GeForce RTX 3060 Ti DUAL 8GB GDDR6 Black / Silver,11738160,GeForce RTX 3060 Ti,8.0,1410.0,1695.0,BLACK,269.0,200.0
Asus GeForce RTX 3060 Ti LHR KO GAMING OC V2 8GB GDDR6 Silver / Black,11738160,GeForce RTX 3060 Ti,8.0,1410.0,1785.0,GREY,275.0,200.0
Asus GeForce RTX 4060 ProArt OC 8GB GDDR6 Black / Gold,10799760,GeForce RTX 4060,8.0,1830.0,2580.0,BLACK,300.0,115.0
Asus GeForce RTX 4060 Ti ROG Strix GAMING OC 16GB GDDR6 Black / Red,18620880,GeForce RTX 4060 Ti,16.0,2310.0,2745.0,BLACK,311.0,165.0
Asus GeForce RTX 4070 SUPER DUAL OC 12GB GDDR6X White,20302320,GeForce RTX 4070 SUPER,12.0,1980.0,2550.0,WHITE,267.0,220.0
Asus GeForce RTX 4070 SUPER PRIME 12GB GDDR6X Black,20302320,GeForce RTX 4070 SUPER,12.0,1980.0,2505.0,BLACK,269.0,220.0
Asus KO Gaming OC GeForce RTX 3070 8GB GDDR6 Black / Silver,16752000,GeForce RTX 3070,8.0,1500.0,1845.0,BLACK,275.0,220.0
Asus KO GeForce RTX 3060 Ti 8GB GDDR6 Black / Silver,11738160,GeForce RTX 3060 Ti,8.0,1410.0,1695.0,BLACK,275.0,200.0
Asus KO OC GeForce RTX 3060 Ti 8GB GDDR6 Black / Silver,11738160,GeForce RTX 3060 Ti,8.0,1410.0,1785.0,BLACK,275.0,200.0
Asus LP BRK GeForce RTX 4060 8GB GDDR6 Black,10799760,GeForce RTX 4060,8.0,1830.0,2490.0,BLACK,188.0,115.0
Asus LP BRK OC GeForce RTX 4060 8GB GDDR6 Black,10799760,GeForce RTX 4060,8.0,1830.0,2520.0,BLACK,188.0,115.0
Asus MATRIX GeForce GTX 980 4GB GDDR5 Black / Red,9336000,GeForce GTX 980,4.0,1241.0,1342.0,BLACK,297.0,165.0
Asus PRIME OC Edition GeForce RTX 5050 8GB GDDR6,5999760,GeForce RTX 5050,8.0,2317.0,2677.0,BLACK,268.0,130.0
Asus Phoenix Fan OC GeForce GT 1030 2GB GDDR5 Black / Blue,2557440,GeForce GT 1030,2.0,1278.0,1531.0,BLACK,184.0,30.0
Asus Phoenix GeForce GTX 1050 Ti 4GB GDDR5,6335760,GeForce GTX 1050 Ti,4.0,1291.0,1392.0,BLACK,193.0,75.0
Asus Phoenix GeForce GTX 1660 Ti 6GB GDDR6 Black / White,10200000,GeForce GTX 1660 Ti,6.0,1500.0,1800.0,BLACK,174.0,120.0
Asus Phoenix OC GeForce GTX 1650 SUPER 4GB GDDR6 Black / White,10056000,GeForce GTX 1650 SUPER,4.0,1530.0,1770.0,BLACK,174.0,100.0
Asus Phoenix OC GeForce GTX 1660 6GB GDDR5 Black / White,6456000,GeForce GTX 1660,6.0,1530.0,1830.0,BLACK,174.0,120.0
Asus Phoenix OC GeForce GTX 1660 SUPER 6GB GDDR6 Black / White,8136000,GeForce GTX 1660 SUPER,6.0,1530.0,1830.0,BLACK,174.0,125.0
Asus Phoenix OC GeForce GTX 1660 Ti 6GB GDDR6 Black / White,10200000,GeForce GTX 1660 Ti,6.0,1500.0,1815.0,BLACK,174.0,120.0
Asus ProArt Advanced GeForce RTX 4060 Ti 16GB GDDR6 Black / Gold,18620880,GeForce RTX 4060 Ti,16.0,2310.0,2580.0,BLACK,300.0,165.0
Asus ProArt Black / Gold GeForce RTX 4060 Ti 16GB GDDR6 Black / Gold,18620880,GeForce RTX 4060 Ti,16.0,2310.0,2565.0,BLACK,300.0,165.0
Asus ProArt Black / Gold GeForce RTX 4070 SUPER 12GB GDDR6X Black / Gold,20302320,GeForce RTX 4070 SUPER,12.0,1980.0,2505.0,BLACK,300.0,220.0
Asus ProArt GeForce RTX 4060 8GB GDDR6 Black / Gold,10799760,GeForce RTX 4060,8.0,1830.0,2490.0,BLACK,300.0,115.0
Asus ProArt OC GeForce RTX 4060 Ti 16GB GDDR6 Black / Gold,18620880,GeForce RTX 4060 Ti,16.0,2310.0,2685.0,BLACK,300.0,165.0
Asus ProArt OC GeForce RTX 4070 SUPER 12GB GDDR6X Black Gold,20302320,GeForce RTX 4070 SUPER,12.0,1980.0,2565.0,BLACK,300.0,220.0
Asus ROG Astral BTF GeForce RTX 5090 32GB GDDR7 Black / Silver,80639760,GeForce RTX 5090,32.0,2010.0,2010.0,BLACK,358.0,575.0
Asus ROG Astral BTF OC GeForce RTX 5090 32GB GDDR7 Black Silver,80639760,GeForce RTX 5090,32.0,2010.0,2610.0,BLACK,358.0,575.0
Asus ROG STRIX GAMING Advanced GeForce RTX 4060 Ti 16GB GDDR6 Black / Red,18620880,GeForce RTX 4060 Ti,16.0,2310.0,2580.0,BLACK,311.0,165.0
Asus ROG STRIX GAMING GeForce RTX 4060 Ti 16GB GDDR6 Black / Red,18620880,GeForce RTX 4060 Ti,16.0,2310.0,2565.0,BLACK,311.0,165.0
Asus ROG STRIX GAMING GeForce RTX 4070 SUPER 12GB GDDR6X Black,20302320,GeForce RTX 4070 SUPER,12.0,1980.0,2505.0,BLACK,339.0,220.0
Asus ROG STRIX GAMING OC GeForce RTX 3060 Ti 8GB GDDR6 Black / Gray,11738160,GeForce RTX 3060 Ti,8.0,1410.0,1890.0,BLACK,318.0,200.0
Asus ROG STRIX GAMING OC GeForce RTX 4070 SUPER 12GB GDDR6X Black,20302320,GeForce RTX 4070 SUPER,12.0,1980.0,2670.0,BLACK,339.0,220.0
Asus ROG STRIX GAMING OC Radeon RX 6600 XT 8GB GDDR6 Black / Gray,15552000,Radeon RX 6600 XT,8.0,1968.0,2607.0,BLACK,243.0,160.0
Asus ROG STRIX GAMING OC V2 GeForce RTX 3060 Ti LHR 8GB GDDR6 Black / Silver,11738160,GeForce RTX 3060 Ti,8.0,1410.0,1890.0,BLACK,318.0,200.0
Asus ROG STRIX GeForce GTX 1050 2GB GDDR5 Black,4752000,GeForce GTX 1050,2.0,1442.0,1569.0,BLACK,241.0,75.0
Asus ROG STRIX OC Radeon RX 7600 8GB GDDR6 Black / Silver,6599760,Radeon RX 7600,8.0,1720.0,2755.0,BLACK,281.0,165.0
Asus ROG STRIX Radeon RX 570 4GB GDDR5 Black,7176000,Radeon RX 570,4.0,1168.0,1254.0,BLACK,240.0,150.0
Asus ROG Strix GeForce RTX 4060 8GB GDDR6 Black,10799760,GeForce RTX 4060,8.0,1830.0,2490.0,BLACK,311.0,115.0
Asus ROG Strix LC Gaming Radeon RX 6900 XT 16GB GDDR6 Black / Silver,18479760,Radeon RX 6900 XT,16.0,1825.0,2525.0,BLACK,277.0,300.0
Asus ROG Strix O8G 11GBPS GeForce GTX 1080 8GB GDDR5X Black,11976000,GeForce GTX 1080,8.0,1721.0,1860.0,BLACK,298.0,180.0
Asus ROG Strix OC Edition GeForce RTX 4060 8GB GDDR6,10799760,GeForce RTX 4060,8.0,1830.0,2670.0,BLACK,311.4,115.0
Asus Radeon RX 5700 XT STRIX GAMING OC 8GB GDDR6 Black,14280000,Radeon RX 5700 XT,8.0,1770.0,2035.0,BLACK,305.0,225.0
Asus Radeon RX 6900 XT STRIX LC GAMING OC 16GB GDDR6 Black / Gray,18479760,Radeon RX 6900 XT,16.0,1950.0,2365.0,BLACK,277.0,300.0
Asus Radeon RX 7800 XT DUAL OC 16GB GDDR6 Black,14399760,Radeon RX 7800 XT,16.0,1295.0,2520.0,BLACK,280.0,263.0
Asus Radeon RX 7900 XTX rx7900xtx-24g Black 24GB GDDR6,21599760,Radeon RX 7900 XTX,24.0,2300.0,2500.0,BLACK,287.0,355.0
Asus STRIX DC2 GeForce GTX 980 4GB GDDR5 Black / Red,9336000,GeForce GTX 980,4.0,1126.0,1216.0,BLACK,289.0,165.0
Asus STRIX DC2OC GeForce GTX 960 4GB GDDR5 Black / Red,9576000,GeForce GTX 960,4.0,1253.0,1317.0,BLACK,216.0,120.0
Asus STRIX GAMING Advanced GeForce RTX 2070 8GB GDDR6 Black,16440000,GeForce RTX 2070,8.0,1410.0,1680.0,BLACK,300.0,185.0
Asus STRIX GAMING GeForce GTX 1660 Ti 6GB GDDR6 Black,10200000,GeForce GTX 1660 Ti,6.0,1500.0,1800.0,BLACK,301.0,120.0
Asus STRIX GAMING GeForce RTX 2070 8GB GDDR6 Black,16440000,GeForce RTX 2070,8.0,1410.0,1650.0,BLACK,300.0,185.0
Asus STRIX GAMING GeForce RTX 2070 SUPER 8GB GDDR6 Black,16536000,GeForce RTX 2070 SUPER,8.0,1635.0,1800.0,BLACK,300.0,215.0
Asus STRIX GAMING GeForce RTX 3070 8GB GDDR6 Black,16752000,GeForce RTX 3070,8.0,1500.0,1755.0,BLACK,318.0,220.0
Asus STRIX GAMING OC GeForce GTX 1650 SUPER 4GB GDDR6 Black,10056000,GeForce GTX 1650 SUPER,4.0,1530.0,1815.0,BLACK,243.0,100.0
Asus STRIX GAMING OC GeForce GTX 1660 SUPER 6GB GDDR6 Black / Silver,8136000,GeForce GTX 1660 SUPER,6.0,1530.0,1875.0,BLACK,243.0,125.0
Asus STRIX GAMING OC GeForce GTX 1660 Ti 6GB GDDR6 Black,10200000,GeForce GTX 1660 Ti,6.0,1500.0,1890.0,BLACK,301.0,120.0
Asus STRIX GAMING OC GeForce RTX 2060 SUPER 8GB GDDR6 Black,13800000,GeForce RTX 2060 SUPER,8.0,1500.0,1860.0,BLACK,301.0,175.0
Asus STRIX GAMING OC GeForce RTX 2070 SUPER 8GB GDDR6 Black,16536000,GeForce RTX 2070 SUPER,8.0,1635.0,1935.0,BLACK,300.0,215.0
Asus STRIX GeForce GTX 1050 Ti 4GB GDDR5 Black,6335760,GeForce GTX 1050 Ti,4.0,1379.0,1506.0,BLACK,241.0,75.0
Asus STRIX GeForce GTX 1080 8GB GDDR5X Black,11976000,GeForce GTX 1080,8.0,1759.0,1936.0,BLACK,298.0,180.0
Asus STRIX GeForce GTX 980 4GB GDDR5 Black / Red,9336000,GeForce GTX 980,4.0,1178.0,1279.0,BLACK,289.0,165.0
Asus STRIX LC GAMING OC GeForce RTX 3090 Ti 24GB GDDR6X Silver / Black,46799760,GeForce RTX 3090 Ti,24.0,1560.0,1980.0,GREY,293.0,450.0
Asus STRIX LC GAMING OC Radeon RX 6800 XT 16GB GDDR6 Black / Silver,17256000,Radeon RX 6800 XT,16.0,1825.0,2360.0,BLACK,277.0,300.0
Asus STRIX OC GeForce RTX 3070 8GB GDDR6 White,16752000,GeForce RTX 3070,8.0,1500.0,1935.0,WHITE,318.0,220.0
Asus STRIX-GTX960-DC2OC-2GD5 GeForce GTX 960 2GB GDDR5 Black,5976000,GeForce GTX 960,2.0,1228.0,1291.0,BLACK,215.0,120.0
Asus Silver Radeon RX 5700 XT 8GB GDDR6,14280000,Radeon RX 5700 XT,8.0,1605.0,1905.0,GREY,270.0,225.0
Asus TUF GAMING GeForce GTX 1650 SUPER 4GB GDDR6 Black,10056000,GeForce GTX 1650 SUPER,4.0,1530.0,1755.0,BLACK,206.0,100.0
Asus TUF GAMING GeForce RTX 3060 Ti 8GB GDDR6 Black,11738160,GeForce RTX 3060 Ti,8.0,1410.0,1695.0,BLACK,301.0,200.0
Asus TUF GAMING GeForce RTX 3070 8GB GDDR6 Black,16752000,GeForce RTX 3070,8.0,1500.0,1755.0,BLACK,300.0,220.0
Asus TUF GAMING GeForce RTX 3070 Ti 8GB GDDR6X Black / Silver,18360000,GeForce RTX 3070 Ti,8.0,1575.0,1800.0,BLACK,300.0,290.0
Asus TUF GAMING GeForce RTX 3090 Ti 24GB GDDR6X,46799760,GeForce RTX 3090 Ti,24.0,1560.0,1890.0,BLACK,326.0,450.0
Asus TUF GAMING GeForce RTX 4070 SUPER 12GB GDDR6X Black,20302320,GeForce RTX 4070 SUPER,12.0,1980.0,2505.0,BLACK,301.0,220.0
Asus TUF GAMING OC GeForce GTX 1650 SUPER 4GB GDDR6 Black,10056000,GeForce GTX 1650 SUPER,4.0,1530.0,1800.0,BLACK,206.0,100.0
Asus TUF GAMING OC GeForce RTX 3060 Ti 8GB GDDR6 Black,11738160,GeForce RTX 3060 Ti,8.0,1410.0,1785.0,BLACK,301.0,200.0
Asus TUF GAMING OC GeForce RTX 3070 Ti 8GB GDDR6X Black / Silver,18360000,GeForce RTX 3070 Ti,8.0,1575.0,1815.0,BLACK,300.0,290.0
Asus TUF GAMING OC GeForce RTX 3090 Ti 24GB GDDR6X Black,46799760,GeForce RTX 3090 Ti,24.0,1560.0,1950.0,BLACK,326.0,450.0
Asus TUF GAMING OC GeForce RTX 4070 SUPER 12GB GDDR6X Black,20302320,GeForce RTX 4070 SUPER,12.0,1980.0,2595.0,BLACK,301.0,220.0
Asus TUF GAMING OC Radeon RX 6500 XT 4GB GDDR6 Black,3839760,Radeon RX 6500 XT,4.0,2310.0,2825.0,BLACK,250.0,107.0
Asus TUF GAMING OC Radeon RX 6900 XT 16GB GDDR6 Black,18479760,Radeon RX 6900 XT,16.0,1825.0,2340.0,BLACK,320.0,300.0
Asus TUF GAMING OC Radeon RX 7600 XT 16GB GDDR6 Black,8639280,Radeon RX 7600 XT,16.0,1720.0,2830.0,BLACK,300.0,190.0
Asus TUF GAMING OC Radeon RX 7700 XT 12GB GDDR6 Black,9599280,Radeon RX 7700 XT,12.0,1700.0,2599.0,BLACK,320.0,245.0
Asus TUF GAMING OC Radeon RX 7800 XT 16GB GDDR6 Black,14399760,Radeon RX 7800 XT,16.0,1295.0,2565.0,BLACK,320.0,263.0
Asus TUF GAMING OC Radeon RX 7800 XT 16GB GDDR6 White,14399760,Radeon RX 7800 XT,16.0,1295.0,2565.0,WHITE,320.0,263.0
Asus TUF GAMING OC Radeon RX 7900 GRE 16GB GDDR6 Black,16079760,Radeon RX 7900 GRE,16.0,1270.0,2391.0,BLACK,320.0,260.0
Asus TUF GAMING OC Radeon RX 7900 XTX 24GB GDDR6 Black,21599760,Radeon RX 7900 XTX,24.0,2300.0,2615.0,BLACK,353.0,355.0
Asus TUF GAMING OC V2 GeForce RTX 3070 Ti 8GB GDDR6X Black,18360000,GeForce RTX 3070 Ti,8.0,1575.0,1815.0,BLACK,300.0,290.0
