tên,giá,socket,kích thước,RAM tối đa,khe RAM,màu,Ram hỗ trợ,khe M.2,lưu trữ
ASUS B760M-AYW WIFI D4,4858808,LGA 1700,Micro ATX,64,2,XÁM / ĐEN,DDR4,PCIe 4.0 x4,sata_6_gb_s
MSI B850 PRO B850M-VC WIFI6E AM5 DDR5 Micro ATX,4992114,AM5,Micro ATX,256,4,ĐEN,DDR5,PCIe 4.0 x4,
Asus H81 H81M-C/CSM DDR3 Micro ATX,7561015,LGA 1150,Micro ATX,16,2,ĐEN / VÀNG,DDR3,,sata_3_gb_s; sata_6_gb_s
Gigabyte B860M AORUS ELITE WIFI6E DDR5 Micro ATX,4478387,LGA 1851,Micro ATX,256,4,ĐEN,DDR5,PCIe 4.0 x4,
Biostar B560 M-SILVER LGA1200 DDR4 Micro ATX,4465478,LGA 1200,Micro ATX,128,4,XÁM / ĐEN,DDR4,PCIe 4.0 x4,sata_6_gb_s
ASRock H410 M/ac DDR4 Micro ATX,6559642,LGA 1200,Micro ATX,64,2,ĐEN,DDR4,PCIe 4.0 x4,sata_6_gb_s
ASUS H310 PRIME H310M-R R2.0 LGA1151 DDR4 Micro ATX,4564271,LGA 1151,Micro ATX,32,2,ĐEN,DDR4,,sata_6_gb_s
ASRock B560M Pro4 LGA1200 DDR4 Micro ATX,6559642,LGA 1200,Micro ATX,128,4,XÁM / ĐEN,DDR4,PCIe 4.0 x4,sata_6_gb_s
MSI PRO B650M-P,3951487,AM5,Micro ATX,256,4,ĐEN / XÁM,DDR5,PCIe 4.0 x4,sata_6_gb_s
MSI A320M PRO-VD PLUS AM4 DDR4 Micro ATX,2897950,AM4,Micro ATX,32,2,NÂU / ĐEN,DDR4,,sata_6_gb_s
ASRock B850 Pro RS WiFi AM5 DDR5 ATX,5268737,AM5,ATX,256,4,XÁM / ĐEN,DDR5,PCIe 4.0 x4,
ASRock B860 Lightning WiFi DDR5 ATX,5268737,LGA 1851,ATX,256,4,ĐEN,DDR5,PCIe 4.0 x4,sata_6_gb_s
ASUS X870 MAX GAMING WIFI7 W DDR5 ATX,6698216,AM5,ATX,256,4,TRẮNG,DDR5,PCIe 4.0 x4,
MSI B550-A PRO (CEC),9905720,AM4,ATX,128,4,ĐEN,DDR4,PCIe 4.0 x4,
MSI B450-A PRO MAX,6342032,AM4,ATX,64,4,,DDR4,PCIe 3.0 x4,sata_6_gb_s
Gigabyte X299 AORUS Gaming 3 Pro LGA2066 DDR4 ATX,12882705,LGA 2066,ATX,128,8,ĐEN,DDR4,PCIe 4.0 x4,sata_6_gb_s
Asus B85 PLUS LGA1150 DDR3 ATX,10853613,LGA 1150,ATX,32,4,ĐEN / VÀNG,DDR3,,sata_3_gb_s; sata_6_gb_s
Asus X79 Deluxe LGA2011 DDR3 ATX,17602412,LGA 2011,ATX,64,8,ĐEN / VÀNG,DDR3,,sata_3_gb_s; sata_6_gb_s
Gigabyte B650M C AM5 DDR5 Micro ATX,4466531,AM5,Micro ATX,192,4,NÂU / ĐEN,DDR5,PCIe 4.0 x4,sata_6_gb_s
MAXSUN B760 iCraft B760M CROSS LGA1700 DDR5 Micro ATX,4018139,LGA 1700,Micro ATX,192,4,TRẮNG / HỒNG,DDR5,PCIe 4.0 x4,sata_6_gb_s
Asus B560 PRIME B560M-A AC LGA1200 DDR4 Micro ATX,4097965,LGA 1200,Micro ATX,128,4,ĐEN / XÁM,DDR4,PCIe 4.0 x4,sata_6_gb_s
ASUS TUF GAMING B650-PLUS,4214937,AM5,ATX,256,4,ĐEN / XÁM / CAM,DDR5,PCIe 5.0 x4; PCIe 4.0 x4,sata_6_gb_s
Asus PRIME B650-PLUS WIFI,4214937,AM5,ATX,192,4,ĐEN / XÁM,DDR5,PCIe 5.0 x4; PCIe 4.0 x4,sata_6_gb_s
Gigabyte A520M H (rev. 1.x),2897687,AM4,Micro ATX,64,2,ĐEN,DDR4,SATA / PCIe 3.0 x4/x2,sata_6_gb_s
Asus Z370 ROG Strix Z370-H Gaming DDR4 ATX,9707869,LGA 1151,ATX,64,4,ĐEN / ĐỎ,DDR4,PCIe 4.0 x4,sata_6_gb_s
Gigabyte B850 AI TOP AM5 DDR5 ATX,6129691,AM5,ATX,256,4,ĐEN,DDR5,PCIe 4.0 x4,
Asus Z890 MAX GAMING WIFI7 DDR5 ATX,8693587,LGA 1851,ATX,256,4,XÁM / ĐEN,DDR5,PCIe 4.0 x4,sata_6_gb_s
Asus PRIME B650M-A II-CSM,4214937,AM5,Micro ATX,192,4,XÁM / ĐEN,DDR5,PCIe 4.0 x4,
ASRock B360M ITX/ac DDR4 Mini ITX,8469918,LGA 1151,Mini-ITX,32,2,ĐEN / XÁM,DDR4,PCIe 4.0 x4,sata_6_gb_s
Gigabyte Z390 AORUS ULTRA ATX LGA1151,7007770,LGA 1151,ATX,128,4,,DDR4,PCIe 4.0 x4,sata_6_gb_s
Asus B150 M-A/M.2 LGA1151 DDR4 Micro ATX,4564271,LGA 1151,Micro ATX,64,4,ĐEN / VÀNG,DDR4,PCIe 4.0 x4,sata_6_gb_s
Supermicro Intel C602 X9SRA LGA2011 DDR3 ATX,19495300,LGA 2011,ATX,64,8,ĐEN / XANH LÁ,DDR3,,sata_3_gb_s; sata_6_gb_s
Gigabyte AMD 970 GA-970A-DS3 AM3+ DDR3 ATX,3746259,AM3+,ATX,32,4,XANH DƯƠNG / TRẮNG,DDR3,,sata_6_gb_s
Biostar Z590 MHP DDR4 Micro ATX,4465478,LGA 1200,Micro ATX,64,2,ĐEN / XÁM,DDR4,PCIe 4.0 x4,
Asus Z270 TUF MARK 1 DDR4 ATX LGA1151,9707869,LGA 1151,ATX,64,4,XANH LÁ / NÂU / ĐEN,DDR4,PCIe 4.0 x4,sata_6_gb_s
MSI Z270 GAMING M5 DDR4 ATX,10295099,LGA 1151,ATX,64,4,ĐEN / XÁM,DDR4,PCIe 4.0 x4,sata_6_gb_s
MSI Z790 MPG EDGE MONSTER HUNTER EDITION DDR5 ATX,6306466,LGA 1700,ATX,256,4,ĐEN / ĐỎ,DDR5,PCIe 4.0 x4,sata_6_gb_s
Asus Z270 MAXIMUS IX APEX LGA1151 DDR4 EATX,17124250,LGA 1151,EATX,32,2,ĐEN / XÁM,DDR4,PCIe 4.0 x4,sata_6_gb_s
ASUS TUF GAMING B850-BTF WIFI W,7376337,AM5,ATX,256,4,TRẮNG / XÁM,DDR5,PCIe 4.0 x4,
Gigabyte B760 DS3H AX DDR5 ATX,6913982,LGA 1700,ATX,256,4,XÁM / ĐEN,DDR5,PCIe 4.0 x4,sata_6_gb_s
MSI B650 GAMING PLUS WIFI DDR5 ATX,6452944,AM5,ATX,256,4,ĐEN,DDR5,PCIe 4.0 x4,sata_6_gb_s
MSI MAG Z890 TOMAHAWK WIFI,6322537,LGA 1851,ATX,256,4,ĐEN / VÀNG,DDR5,PCIe 4.0 x4,
ASRock 990FX Killer/3.1 DDR3 ATX,3361622,AM3+,ATX,64,4,ĐEN / ĐỎ,DDR3,PCIe 4.0 x4,sata_6_gb_s
Gigabyte B360M HD3 DDR4 Micro ATX LGA1151,6849437,LGA 1151,Micro ATX,32,2,XÁM / ĐEN,DDR4,PCIe 4.0 x4,sata_6_gb_s
MSI X299 TOMAHAWK ARCTIC DDR4 ATX,12882705,LGA 2066,ATX,256,8,TRẮNG / XÁM,DDR4,PCIe 4.0 x4,sata_6_gb_s
ASRock Z890 Phantom Gaming Nova WiFi DDR5 ATX,5268737,LGA 1851,ATX,256,4,ĐEN,DDR5,PCIe 4.0 x4,
Asus A520 PRIME M-R-CSM AM4 DDR4 Micro ATX,3815546,AM4,Micro ATX,64,2,XÁM / ĐEN,DDR4,PCIe 4.0 x4,sata_6_gb_s
MSI B460M MAG BAZOOKA DDR4 Micro ATX,7903237,LGA 1200,Micro ATX,128,4,ĐEN / XÁM,DDR4,PCIe 4.0 x4,sata_6_gb_s
Asus B450 PRIME B450-PLUS AM4 DDR4 ATX,7093918,AM4,ATX,64,4,ĐEN / XÁM,DDR4,PCIe 4.0 x4,
Gigabyte Z890 AORUS ELITE X ICE DDR5 ATX,5928942,LGA 1851,ATX,256,4,TRẮNG / XÁM,DDR5,PCIe 4.0 x4,
Gigabyte GA-H87-HD3 ATX LGA1150,10853613,LGA 1150,ATX,32,4,,DDR3,,sata_6_gb_s
ASRock A520 A520M-HDVP/DASH AM4 DDR4 Micro ATX,2588133,AM4,Micro ATX,64,2,ĐEN / XÁM,DDR4,PCIe 4.0 x4,sata_6_gb_s
Asus Z270 ROG STRIX Z270G GAMING DDR4 Micro ATX,4564271,LGA 1151,Micro ATX,64,4,ĐEN / XÁM,DDR4,PCIe 4.0 x4,sata_6_gb_s
Asus H610 PRIME H610M-K LGA1700 DDR5 Micro ATX,4858808,LGA 1700,Micro ATX,96,2,ĐEN,DDR5,PCIe 4.0 x4,
Asus 990FX TUF SABERTOOTH R3.0 DDR3 ATX,3746259,AM3+,ATX,32,4,ĐEN,DDR3,PCIe 4.0 x4,sata_6_gb_s
ASRock Z390 STEEL LEGEND DDR4 ATX,11012210,LGA 1151,ATX,128,4,XÁM / ĐEN,DDR4,PCIe 4.0 x4,sata_6_gb_s
Asus H510 PRIME H510M-A R2.0 DDR4 Micro ATX,4097965,LGA 1200,Micro ATX,64,2,XÁM / ĐEN,DDR4,PCIe 4.0 x4,sata_6_gb_s
Asus B250F STRIX GAMING DDR4 ATX,9707869,LGA 1151,ATX,64,4,ĐEN / XÁM,DDR4,PCIe 4.0 x4,sata_6_gb_s
Asus PRIME B550M-A WI-FI DDR4 Micro ATX [Delete],3815546,AM4,Micro ATX,128,4,ĐEN / TRẮNG,DDR4,PCIe 4.0 x4,
MSI B560M PRO DDR4 Micro ATX,7903237,LGA 1200,Micro ATX,64,2,ĐEN,DDR4,PCIe 4.0 x4,sata_6_gb_s
ASUS B760M-AYW WIFI II,4858808,LGA 1700,Micro ATX,96,2,ĐEN / XÁM,DDR5,PCIe 4.0 x4,sata_6_gb_s
MSI Z170A MPOWER GAMING TITANIUM DDR4 ATX,10295099,LGA 1151,ATX,64,4,XÁM / ĐEN,DDR4,PCIe 4.0 x4,u2
ASRock Z590 Phantom Gaming-ITX/TB4 DDR4 Mini ITX,12619255,LGA 1200,Mini-ITX,64,2,ĐEN / ĐỎ,DDR4,PCIe 4.0 x4,sata_6_gb_s
MSI Z590 MPG Z590M GAMING EDGE WIFI LGA1200 DDR4 Micro ATX,7903237,LGA 1200,Micro ATX,128,4,ĐEN,DDR4,PCIe 4.0 x4,sata_6_gb_s
MSI B850M MAG MORTAR WIFI AM5 DDR5 Micro ATX,4992114,AM5,Micro ATX,256,4,ĐEN / XANH LÁ,DDR5,PCIe 4.0 x4,sata_6_gb_s
Asus H610 PRIME M-D D4 LGA1700 DDR4 Micro ATX,4858808,LGA 1700,Micro ATX,64,2,XÁM / ĐEN,DDR4,PCIe 4.0 x4,sata_6_gb_s
ASRock Z590M-ITX/ax LGA 1200 Mini ITX Intel Motherboard,12619255,LGA 1200,Mini-ITX,64,2,,DDR4,PCIe 4.0 x4; PCIe 3.0 x4,sata_6_gb_s
ASRock Z590 Extreme LGA1200 DDR4 ATX,20924516,LGA 1200,ATX,128,4,ĐEN / XANH DƯƠNG,DDR4,PCIe 4.0 x4,sata_6_gb_s
ASRock X470 Taichi ATX AM4,4873562,AM4,ATX,64,4,,DDR4,PCIe 4.0 x4,sata_6_gb_s
MSI H110 H110M PRO-D DDR4 Micro ATX,6849437,LGA 1151,Micro ATX,32,2,ĐEN / XÁM,DDR4,,sata_6_gb_s
Gigabyte AMD X370 GA-AX370-GAMING 5 DDR4 ATX,7297565,AM4,ATX,64,4,ĐEN / TRẮNG,DDR4,PCIe 4.0 x4,sata_6_gb_s
Asus H610 PRIME H610I-PLUS D4-CSM DDR4 Mini ITX,5870720,LGA 1700,Mini-ITX,64,2,XÁM / ĐEN,DDR4,PCIe 4.0 x4,
Gigabyte Z270 GA-Z270XP-SLI DDR4 ATX,7007770,LGA 1151,ATX,64,4,ĐEN / ĐỎ,DDR4,PCIe 4.0 x4,sata_6_gb_s
B460M D3H,4465478,LGA 1200,Micro ATX,128,4,,DDR4,SATA and PCIe x4/x2,sata_6_gb_s
Biostar B550 MXC PRO DDR4 Micro ATX,2925612,AM4,Micro ATX,128,4,NÂU / ĐEN,DDR4,PCIe 4.0 x4,sata_6_gb_s
MSI B350I PRO AC AM4 DDR4 Mini ITX,3952013,AM4,Mini-ITX,32,2,NÂU / ĐEN,DDR4,PCIe 4.0 x4,sata_6_gb_s
Colorful X570M CVN GAMING FROZEN V14 AM4 DDR4 Micro ATX,2925612,AM4,Micro ATX,128,4,TRẮNG,DDR4,PCIe 4.0 x4,sata_6_gb_s
Gigabyte H110M GA-H110M-S2H GSM DDR4 Micro ATX,6849437,LGA 1151,Micro ATX,32,2,NÂU / ĐEN,DDR4,,sata_6_gb_s
Asus Z270 PRIME AR DDR4 ATX,9707869,LGA 1151,ATX,64,4,ĐEN / TRẮNG,DDR4,PCIe 4.0 x4,sata_6_gb_s
ASUS TUF Gaming Z590-PLUS WIFI DDR4 ATX,12592910,LGA 1200,ATX,128,4,XÁM / ĐEN,DDR4,PCIe 4.0 x4,
ASUS ROG Strix B850-I Gaming WiFi7 W,7903237,AM5,Mini-ITX,128,2,TRẮNG / XÁM,DDR5,PCIe 5.0 x4,sata_6_gb_s
ASRock Z690M PG RIPTIDE/D5 DDR5 Micro ATX,3152443,LGA 1700,Micro ATX,192,4,ĐEN / XÁM,DDR5,PCIe 4.0 x4,sata_6_gb_s
MSI X299 GAMING PRO CARBON LGA2066 DDR4 ATX,12882705,LGA 2066,ATX,128,8,ĐEN / XÁM,DDR4,PCIe 4.0 x4,sata_6_gb_s
ASRock B350 AB350M-HDV DDR4 Micro ATX,2588133,AM4,Micro ATX,32,2,ĐEN / TRẮNG,DDR4,PCIe 4.0 x4,sata_6_gb_s
ASUS TUF GAMING B760M-PLUS WIFI II,6949021,LGA 1700,Micro ATX,192,4,ĐEN / CAM,DDR5,PCIe 4.0 x4,
MSI X470 GAMING M7 AC AM4 DDR4 ATX,9905720,AM4,ATX,64,4,ĐEN / XÁM,DDR4,PCIe 4.0 x4,sata_6_gb_s
Asus Z890 ROG MAXIMUS HERO BTF LGA1851 DDR5 ATX,8693587,LGA 1851,ATX,256,4,ĐEN,DDR5,PCIe 4.0 x4,
MSI B365 PRO-VDH DDR4 Micro ATX,6849437,LGA 1151,Micro ATX,64,4,ĐEN / XÁM,DDR4,PCIe 4.0 x4,
ASUS TUF GAMING B550M-E,3815546,AM4,Micro ATX,128,4,,DDR4,PCIe 4.0 x4,sata_6_gb_s
Asus TUF GAMING B650-E WIFI,5268737,AM5,ATX,192,4,ĐEN / CAM,DDR5,PCIe 4.0 x4,
MSI B150M BAZOOKA LGA1151 DDR4 Micro ATX,6849437,LGA 1151,Micro ATX,64,4,ĐEN / TRẮNG,DDR4,,sata_6_gb_s
ASRock Z890M Riptide WiFi DDR5 Micro ATX,3951487,LGA 1851,Micro ATX,256,4,ĐEN / XÁM,DDR5,PCIe 4.0 x4,
MSI Z690 MEG UNIFY-X DDR5 ATX,6306466,LGA 1700,ATX,96,2,ĐEN / XÁM,DDR5,PCIe 4.0 x4,sata_6_gb_s
Gigabyte B650E AORUS TACHYON DDR5 ATX,6129691,AM5,ATX,96,2,XÁM / ĐEN,DDR5,PCIe 4.0 x4,sata_6_gb_s
EVGA P55 P55V LGA1156 DDR3 Micro ATX,3284958,LGA 1156,Micro ATX,16,4,ĐEN / XÁM,DDR3,,
Gigabyte Z97 GA-Z97M-D3H LGA1150 DDR3 Micro ATX,7561015,LGA 1150,Micro ATX,32,4,ĐEN / VÀNG,DDR3,,
MSI A520 A520M PRO-VDH DDR4 Micro ATX,2897950,AM4,Micro ATX,128,4,NÂU / ĐEN,DDR4,PCIe 4.0 x4,sata_6_gb_s
PRO Z690-A WIFI DDR4,7310738,LGA 1700,ATX,128,4,,DDR4,PCIe 4.0 x4,sata_6_gb_s
Gigabyte AMD 785G GA-MA785GM-US2H AM3/AM2+/AM2 DDR2 Micro ATX,5268737,AM3,Micro ATX,16,4,RGB,DDR2,,sata_3_gb_s
Gigabyte Z170X UD3 DDR4 ATX,7007770,LGA 1151,ATX,64,4,ĐEN / VÀNG,DDR4,PCIe 4.0 x4,sata_6_gb_s
Asus H87 PLUS LGA1150 DDR3 ATX,10853613,LGA 1150,ATX,32,4,ĐEN / VÀNG,DDR3,,sata_6_gb_s
Gigabyte H370M DS3H DDR4 Micro ATX,6849437,LGA 1151,Micro ATX,64,4,XÁM / ĐEN,DDR4,PCIe 4.0 x4,sata_6_gb_s
Gigabyte H170 GA-H170-D3HP LGA1151 DDR4 ATX,7007770,LGA 1151,ATX,64,4,ĐEN / VÀNG,DDR4,PCIe 4.0 x4,sata_6_gb_s
MSI B850 PRO B850-VC WIFI6E AM5 DDR5 ATX,6452944,AM5,ATX,256,4,ĐEN,DDR5,PCIe 4.0 x4,
MSI AMD 970 970A GAMING PRO CARBON AM3+/AM3 DDR3 ATX,3746259,AM3+,ATX,32,4,ĐEN / XÁM,DDR3,PCIe 4.0 x4,
Asus H610 PRIME H610M-E LGA1700 DDR5 Micro ATX,4858808,LGA 1700,Micro ATX,96,2,XÁM / ĐEN,DDR5,PCIe 4.0 x4,sata_6_gb_s
Gigabyte H81 GA-H81M-S2PV DDR3 Micro ATX,7561015,LGA 1150,Micro ATX,16,2,ĐEN,DDR3,,sata_3_gb_s; sata_6_gb_s
MSI MEG X870E GODLIKE X EDITION,21075737,AM5,EATX,256,4,ĐEN,DDR5,PCIe 5.0 x4; PCIe 4.0 x4; PCIe 4.0 x2,sata_6_gb_s
ASRock Z270 Pro4 LGA1151 DDR4 ATX,11012210,LGA 1151,ATX,64,4,ĐEN / TRẮNG,DDR4,PCIe 4.0 x4,sata_6_gb_s
MSI C232 E3 KRAIT GAMING V5 LGA1151 DDR4 ATX,10295099,LGA 1151,ATX,64,4,ĐEN / TRẮNG,DDR4,PCIe 4.0 x4,
Gigabyte P45 GA-EP45T-UD3LR DDR3 ATX,1933460,LGA 775,ATX,16,4,RGB,DDR3,,sata_3_gb_s
Asus TUF GAMING A520M-PLUS WIFI AM4 DDR4 Micro ATX,3815546,AM4,Micro ATX,128,4,ĐEN / CAM,DDR4,PCIe 3.0 x4,sata_6_gb_s
Asus B365 ROG STRIX B365-F GAMING LGA1151 DDR4 ATX,9707869,LGA 1151,ATX,64,4,,DDR4,PCIe 4.0 x4,sata_6_gb_s
ASRock X79 Extreme7 LGA2011 DDR3 ATX,17602412,LGA 2011,ATX,48,6,ĐEN / XÁM,DDR3,,sata_3_gb_s; sata_6_gb_s
MSI X470 GAMING PLUS AM4 DDR4 ATX,9905720,AM4,ATX,128,4,ĐỎ / ĐEN,DDR4,PCIe 4.0 x4,
ASUS PRIME B760M-R D4-CSM,4858808,LGA 1700,Micro ATX,64,2,ĐEN / XÁM,DDR4,PCIe 4.0 x4,sata_6_gb_s
MSI MPG X870E CARBON MAX WIFI,6452944,AM5,ATX,256,4,RGB / ĐEN,DDR5,PCIe 5.0 x4; PCIe 4.0 x4,sata_6_gb_s
MSI B650 PRO B650M-A AM5 DDR5 Micro ATX,4992114,AM5,Micro ATX,192,4,ĐEN / XÁM,DDR5,PCIe 4.0 x4,sata_6_gb_s
MSI MPG Z390M GAMING EDGE AC LGA 1151 (300 Series) Intel Z390 SATA 6Gb/s Micro ATX Intel Motherboard,6849437,LGA 1151,Micro ATX,128,4,,DDR4,PCIe 3.0 x4 and SATA 6Gb/s,sata_6_gb_s
Asus Z170 MAXIMUS VIII EXTREME LGA1151 WIFI DDR4 EATX,17124250,LGA 1151,EATX,64,4,ĐEN / ĐỎ,DDR4,PCIe 4.0 x4,sata_6_gb_s
Gigabyte B450 M S2H DDR4 Micro ATX,2897687,AM4,Micro ATX,32,2,ĐEN,DDR4,PCIe 4.0 x4,
MSI A320M-A PRO,2897950,AM4,Micro ATX,32,2,,DDR4,PCIe 3.0 x4,sata_6_gb_s
Gigabyte Z370 AORUS GAMING WIFI (rev. 1.0) DDR4 ATX,7007770,LGA 1151,ATX,64,4,ĐEN / ĐỎ,DDR4,PCIe 4.0 x4,sata_6_gb_s
ASUS PRIME B460-PLUS LGA 1200 Intel B460 SATA 6Gb/s ATX Intel Motherboard,12592910,LGA 1200,ATX,128,4,,DDR4,PCIE 3.0 x4 & SATA; PCIE 3.0 x4,sata_6_gb_s
Asus H610 PRIME H610I-PLUS DDR5 Mini ITX,5870720,LGA 1700,Mini-ITX,96,2,ĐEN / XÁM,DDR5,PCIe 4.0 x4,sata_6_gb_s
MSI B560 M PRO-E DDR4 Micro ATX,7903237,LGA 1200,Micro ATX,64,2,ĐEN,DDR4,PCIe 4.0 x4,
Asus Z390 PRIME Z390M-PLUS DDR4 Micro ATX,4564271,LGA 1151,Micro ATX,128,4,TRẮNG / ĐEN,DDR4,PCIe 4.0 x4,sata_6_gb_s
ASRock H510M HDV/M.2 SE DDR4 Micro ATX,6559642,LGA 1200,Micro ATX,64,2,ĐEN / XÁM,DDR4,PCIe 4.0 x4,
MSI A520M MAG VECTOR WIFI AM4 DDR4 Micro ATX,2897950,AM4,Micro ATX,64,2,ĐEN,DDR4,PCIe 4.0 x4,sata_6_gb_s
MSI Z590 MEG UNIFY-X DDR4 ATX,10294045,LGA 1200,ATX,128,4,ĐEN,DDR4,PCIe 4.0 x4,sata_6_gb_s
ASRock X79 Extreme6 LGA2011 DDR3 ATX,17602412,LGA 2011,ATX,64,8,ĐEN / XÁM,DDR3,,sata_3_gb_s; sata_6_gb_s
Asus H510 PRIME H510M-K DDR4 Micro ATX,4097965,LGA 1200,Micro ATX,64,2,ĐEN / XÁM,DDR4,PCIe 4.0 x4,
Asus Z690 PRIME Z690-P DDR5 ATX,8166687,LGA 1700,ATX,192,4,XÁM / ĐEN,DDR5,PCIe 4.0 x4,sata_6_gb_s
MSI B760M MAG MORTAR MAX WIFI DDR4 Micro ATX,4083212,LGA 1700,Micro ATX,128,4,XÁM / ĐEN,DDR4,PCIe 4.0 x4,sata_6_gb_s
ASUS PRIME B650M-A AX6 II,5532187,AM5,Micro ATX,192,4,XÁM / ĐEN,DDR5,PCIe 4.0 x4,
NZXT Z590 N7 LGA1200 DDR4 ATX,10537737,LGA 1200,ATX,128,4,TRẮNG,DDR4,PCIe 4.0 x4,sata_6_gb_s
Asus A620 PRIME A620AM-K-CSM AM5 DDR5 Micro ATX,5532187,AM5,Micro ATX,128,2,ĐEN,DDR5,PCIe 4.0 x4,
MSI Z590 MPG GAMING FORCE DDR4 ATX,10294045,LGA 1200,ATX,128,4,ĐEN,DDR4,PCIe 4.0 x4,sata_6_gb_s
Gigabyte B840M D2H AM5 DDR5 Micro ATX,4466531,AM5,Micro ATX,128,2,XÁM / ĐEN,DDR5,PCIe 4.0 x4,sata_6_gb_s
Gigabyte B760M GAMING WIFI DDR5 Micro ATX,4220206,LGA 1700,Micro ATX,128,2,XÁM / ĐEN,DDR5,PCIe 4.0 x4,sata_6_gb_s
ASUS ROG STRIX Z490-G GAMING (WiFi 6),4097965,LGA 1200,Micro ATX,128,4,,DDR4,PCIE 3.0 x4; SATA & PCIE 3.0 x4,sata_6_gb_s
Gigabyte B250 GA-B250M-Gaming 3 DDR4 Micro ATX,6849437,LGA 1151,Micro ATX,64,4,ĐEN / ĐỎ,DDR4,PCIe 4.0 x4,sata_6_gb_s
Asus H310 PRIME H310M-C/CSM DDR4 Micro ATX,4564271,LGA 1151,Micro ATX,32,2,XANH LÁ / ĐEN,DDR4,PCIe 4.0 x4,sata_6_gb_s
ASRock B365M Pro4 DDR4 Micro ATX,6849437,LGA 1151,Micro ATX,64,4,ĐEN / XÁM,DDR4,PCIe 4.0 x4,
Sapphire NITRO+ B850A WIFI 7,6309628,AM5,ATX,256,4,ĐEN / XÁM,DDR5,PCIe 5.0 x4; PCIe 4.0 x4,sata_6_gb_s
Gigabyte B650 AORUS ELITE AX DDR5 ATX,6129691,AM5,ATX,192,4,ĐEN / XÁM,DDR5,PCIe 4.0 x4,
ASUS PRIME B760M-F WIFI-CSM,4858808,LGA 1700,Micro ATX,96,2,ĐEN / XÁM,DDR5,PCIe 4.0 x4,sata_6_gb_s
Gigabyte GA-A320M-S2H Micro ATX AM4,2897687,AM4,Micro ATX,32,2,,DDR4,NVMe PCIe 3.0 x4 & SATA Mode,sata_6_gb_s
Gigabyte Z690 AORUS ELITE AX (rev. 1.4) DDR5 ATX,6913982,LGA 1700,ATX,128,4,ĐEN,DDR5,PCIe 4.0 x4,sata_6_gb_s
Biostar B650 MT AM5 DDR5 Micro ATX,4572965,AM5,Micro ATX,96,2,ĐEN / XÁM,DDR5,PCIe 4.0 x4,sata_6_gb_s
MSI B360M PRO-VD DDR4 Micro ATX,6849437,LGA 1151,Micro ATX,32,2,NÂU / ĐEN,DDR4,PCIe 4.0 x4,sata_6_gb_s
Gigabyte Z170 GA-Z170MX-Gaming 5 DDR4 Micro ATX,6849437,LGA 1151,Micro ATX,64,4,ĐEN / ĐỎ,DDR4,PCIe 4.0 x4,sata_6_gb_s
ASRock B460 M Pro4 LGA1200 DDR4 Micro ATX,6559642,LGA 1200,Micro ATX,128,4,ĐEN / XÁM,DDR4,PCIe 4.0 x4,sata_6_gb_s
Gigabyte B850 GAMING X WIFI6E AM5 DDR5 ATX,6129691,AM5,ATX,256,4,XÁM / ĐEN,DDR5,PCIe 4.0 x4,
ASRock Z790 Nova WiFi DDR5 ATX,5327222,LGA 1700,ATX,192,4,ĐEN,DDR5,PCIe 4.0 x4,
Asus ROG STRIX Z890-E GAMING WIFI DDR5 ATX,8693587,LGA 1851,ATX,192,4,ĐEN,DDR5,PCIe 4.0 x4,
Asus B150 PRO GAMING/AURA DDR4 ATX,9707869,LGA 1151,ATX,64,4,ĐEN / ĐỎ,DDR4,PCIe 4.0 x4,sata_6_gb_s
EVGA Z790 CLASSIFIED LGA1700 DDR5 EATX,13725482,LGA 1700,EATX,128,4,ĐEN,DDR5,PCIe 4.0 x4,sata_6_gb_s
ROG STRIX X870-F GAMING WIFI,6309628,AM5,ATX,192,4,,DDR5,PCIe 5.0 x4; PCIe 4.0 x4,sata_6_gb_s
Asus PRIME Z690-P WIFI D4 DDR4 ATX,8166687,LGA 1700,ATX,128,4,XÁM / ĐEN,DDR4,PCIe 4.0 x4,
Gigabyte B860M H LGA1851 DDR5 Micro ATX,4478387,LGA 1851,Micro ATX,128,2,XÁM / ĐEN,DDR5,PCIe 4.0 x4,sata_6_gb_s
ASUS B850M-E AYW GAMING WIFI-CSM,5532187,AM5,Micro ATX,128,2,TRẮNG / ĐEN / XÁM,DDR5,PCIe 5.0 x4; PCIe 4.0 x4,sata_6_gb_s
Biostar A320 MH DDR4 Micro ATX,2925612,AM4,Micro ATX,32,2,ĐEN / VÀNG,DDR4,,
Gigabyte B760M AORUS ELITE LGA1700 DDR5 Micro ATX,4220206,LGA 1700,Micro ATX,192,4,ĐEN / XÁM,DDR5,PCIe 4.0 x4,sata_6_gb_s
MSI B660M MAG BAZOOKA DDR4 Micro ATX,4083212,LGA 1700,Micro ATX,128,4,XANH LÁ / ĐEN,DDR4,PCIe 4.0 x4,sata_6_gb_s
Asus Z590 PRIME V DDR4 ATX,12592910,LGA 1200,ATX,128,4,XÁM / ĐEN,DDR4,PCIe 4.0 x4,sata_6_gb_s
Gigabyte Z890 AORUS MASTER AI TOP DDR5 EATX,21589464,LGA 1851,EATX,256,4,ĐEN / XÁM,DDR5,PCIe 4.0 x4,sata_6_gb_s
Asus AMD 760G M5A78L-M LX PLUS AM3+ DDR3 Micro ATX,6638413,AM3+,Micro ATX,16,2,ĐEN / XANH DƯƠNG,DDR3,,sata_3_gb_s
Gigabyte H110M S2H DDR4 Micro ATX,6849437,LGA 1151,Micro ATX,32,2,ĐEN,DDR4,,sata_6_gb_s
MSI Z790 GAMING WIFI DDR5 ATX,6306466,LGA 1700,ATX,192,4,ĐEN,DDR5,PCIe 4.0 x4,sata_6_gb_s
Gigabyte P45 GA-EP45-UD3L LGA775 DDR2 ATX,1933460,LGA 775,ATX,16,4,RGB,DDR2,,sata_3_gb_s
Gigabyte H370 HD3 LGA1151 DDR4 ATX,7007770,LGA 1151,ATX,64,4,ĐEN / XÁM,DDR4,PCIe 4.0 x4,sata_6_gb_s
ASUS B850 MAX GAMING WIFI-CSM,6698216,AM5,ATX,256,4,ĐEN / XÁM / VÀNG,DDR5,PCIe 5.0 x4; PCIe 4.0 x4; PCIe 4.0 x2,sata_6_gb_s
Asus X570 TUF GAMING X570-PLUS DDR4 ATX,7093918,AM4,ATX,128,4,ĐEN / VÀNG,DDR4,PCIe 4.0 x4,
MSI Z590 PRO WIFI LGA1200 DDR4 ATX,10294045,LGA 1200,ATX,128,4,ĐEN,DDR4,PCIe 4.0 x4,
Gigabyte Z270 GA-Z270X-Gaming 7 DDR4 ATX,7007770,LGA 1151,ATX,64,4,ĐEN / TRẮNG,DDR4,PCIe 4.0 x4,sata_6_gb_s
Gigabyte Z370 AORUS ULTRA GAMING WIFI DDR4 ATX,7007770,LGA 1151,ATX,64,4,ĐEN,DDR4,PCIe 4.0 x4,sata_6_gb_s
Asus Z790-I ROG STRIX GAMING WIFI LGA1700 DDR5 Mini ITX,5870720,LGA 1700,Mini-ITX,96,2,ĐEN,DDR5,PCIe 4.0 x4,
MSI MEG B550 UNIFY,9905720,AM4,ATX,128,4,ĐEN / XÁM,DDR4,PCIe 4.0 x4,sata_6_gb_s
Gigabyte Z490I AORUS ULTRA DDR4 Mini ITX,12619255,LGA 1200,Mini-ITX,64,2,ĐEN / XÁM,DDR4,PCIe 4.0 x4,sata_6_gb_s
MSI A320M PRO-M2 V2 AM4 DDR4 Micro ATX,2897950,AM4,Micro ATX,32,2,NÂU / ĐEN,DDR4,PCIe 4.0 x4,sata_6_gb_s
MSI Z170A KRAIT GAMING DDR4 ATX,10295099,LGA 1151,ATX,64,4,ĐEN / TRẮNG,DDR4,PCIe 4.0 x4,sata_6_gb_s
Asus H370 TUF H370-Pro Gaming (WI-FI) DDR4 ATX,9707869,LGA 1151,ATX,64,4,ĐEN / XÁM,DDR4,PCIe 4.0 x4,sata_6_gb_s
MSI B550M PRO,2897950,AM4,Micro ATX,64,2,ĐEN,DDR4,PCIe 4.0 x4,sata_6_gb_s
MSI Z590 MPG GAMING CARBON WIFI DDR4 ATX,10294045,LGA 1200,ATX,128,4,ĐEN,DDR4,PCIe 4.0 x4,
MSI AMD 970 970A-G43 AM3+ DDR3 ATX,3746259,AM3+,ATX,32,4,ĐEN / XANH DƯƠNG,DDR3,,sata_6_gb_s
Gigabyte B660 DS3H LGA1700 DDR4 ATX,6913982,LGA 1700,ATX,128,4,ĐEN,DDR4,PCIe 4.0 x4,
ASRock B650 M-H/M.2+ DDR5 Micro ATX,3937524,AM5,Micro ATX,128,2,XÁM / ĐEN,DDR5,PCIe 5.0 x4; PCIe 4.0 x4,sata_6_gb_s
Gigabyte B650M GAMING WIFI6E AM5 DDR5 ATX,6129691,AM5,ATX,128,2,XÁM / ĐEN,DDR5,PCIe 4.0 x4,
ASUS ROG STRIX B560-F GAMING WIFI DDR4 ATX,12592910,LGA 1200,ATX,128,4,ĐEN / XÁM,DDR4,PCIe 4.0 x4,sata_6_gb_s
Gigabyte B365 B365M DS3H LGA1151 DDR4 Micro ATX,6849437,LGA 1151,Micro ATX,64,4,ĐEN,DDR4,PCIe 4.0 x4,
Gigabyte Z890M AORUS ELITE WIFI7 DDR5 Micro ATX,4478387,LGA 1851,Micro ATX,256,4,ĐEN,DDR5,PCIe 4.0 x4,sata_6_gb_s
MSI PRO Z890-S WIFI,6059087,LGA 1851,ATX,256,4,ĐEN / XÁM,DDR5,PCIe 5.0 x4; PCIe 4.0 x4,sata_6_gb_s
ASUS TUF GAMING B760-PLUS WIFI,4214937,LGA 1700,ATX,192,4,ĐEN,DDR5,PCIe 4.0 x4,
ASRock Z390M Pro4 DDR4 Micro ATX,6849437,LGA 1151,Micro ATX,128,4,ĐEN / XÁM,DDR4,PCIe 4.0 x4,sata_6_gb_s
Gigabyte C246 N-WU2 LGA1151 DDR4 Mini ITX,8469918,LGA 1151,Mini-ITX,64,2,ĐEN,DDR4,PCIe 4.0 x4,sata_6_gb_s
ASRock A520M Pro4 AM4 DDR4 Micro ATX,2588133,AM4,Micro ATX,128,4,ĐEN / XÁM,DDR4,PCIe 4.0 x4,
Asus X79 Sabertooth DDR3 ATX,17602412,LGA 2011,ATX,64,8,NÂU / ĐEN,DDR3,,sata_3_gb_s; sata_6_gb_s
MSI Z690 MAG TORPEDO LGA1700 DDR5 ATX,6306466,LGA 1700,ATX,192,4,XANH DƯƠNG / ĐEN,DDR5,PCIe 4.0 x4,sata_6_gb_s
Gigabyte H110 GA-H110M-A DDR4 Micro ATX,6849437,LGA 1151,Micro ATX,32,2,ĐEN,DDR4,,
ASRock H270 M-ITX/ac LGA1151 DDR4 Mini ITX,8469918,LGA 1151,Mini-ITX,32,2,ĐEN / XÁM,DDR4,PCIe 4.0 x4,sata_6_gb_s
Gigabyte B760I AORUS PRO DDR5 Mini ITX,5400462,LGA 1700,Mini-ITX,96,2,XÁM / ĐEN,DDR5,PCIe 4.0 x4,
Gigabyte Z790 AORUS ELITE X DDR5 ATX,6913982,LGA 1700,ATX,192,4,ĐEN,DDR5,PCIe 4.0 x4,sata_6_gb_s
Asus B860 M-BRO-CSM LGA1851 DDR5 Micro ATX,5532187,LGA 1851,Micro ATX,128,2,TRẮNG / ĐEN,DDR5,PCIe 4.0 x4,sata_6_gb_s
MSI MEG Z390 ACE,10712931,LGA 1151,ATX,128,4,,DDR4,PCIe 3.0 x4,sata_6_gb_s
ASRock H110 M-DGS DDR4 Micro ATX,6849437,LGA 1151,Micro ATX,32,2,ĐEN / CAM,DDR4,,sata_6_gb_s
EVGA Z370 Micro ATX Micro ATX LGA1151 DDR4 Micro ATX,6849437,LGA 1151,Micro ATX,32,2,ĐEN / XÁM,DDR4,PCIe 4.0 x4,sata_6_gb_s
Biostar P43 D3 LGA775 DDR3 ATX,1933460,LGA 775,ATX,4,2,RGB,DDR3,,sata_3_gb_s
ASUS PRIME B760M-A,4858808,LGA 1700,Micro ATX,128,4,XÁM / ĐEN,DDR5,PCIe 4.0 x4,sata_6_gb_s
ASRock H370M-HDV/M.2,6849437,LGA 1151,Micro ATX,64,2,ĐEN,DDR4,SATA / PCIe 3.0 x4,sata_6_gb_s
MSI Z170I GAMING PRO AC DDR4 Mini ITX,8469918,LGA 1151,Mini-ITX,32,2,ĐEN / ĐỎ,DDR4,PCIe 4.0 x4,sata_6_gb_s
MSI MAG B560M MORTAR WIFI DDR4 Micro ATX,7903237,LGA 1200,Micro ATX,128,4,ĐEN / TRẮNG,DDR4,PCIe 4.0 x4,
ASUS PRIME B450M-A/CSM,5242655,AM4,Micro ATX,128,4,,DDR4,PCIE 3.0 x4,sata_6_gb_s
Gigabyte A620 I AX DDR5 Mini ITX,6243765,AM5,Mini-ITX,96,2,ĐEN / XÁM,DDR5,PCIe 4.0 x4,
H470 AORUS PRO AX,10537737,LGA 1200,ATX,128,4,,DDR4,PCIe 3.0 x4,sata_6_gb_s
Gigabyte H410M S2 V3 DDR4 Micro ATX,4188855,LGA 1200,Micro ATX,64,2,ĐEN / XÁM,DDR4,PCIe 4.0 x4,sata_6_gb_s
ASUS ROG STRIX B850-A GAMING WIFI7 NEO,6698216,AM5,ATX,256,4,TRẮNG / XÁM / RGB,DDR5,PCIe 5.0 x4; PCIe 4.0 x4,sata_6_gb_s
ASUS B660 ProArt CREATOR D4 DDR4 ATX,8166687,LGA 1700,ATX,128,4,ĐEN,DDR4,PCIe 4.0 x4,
ASRock B550 PG Velocita DDR4 ATX,4873562,AM4,ATX,128,4,XÁM / ĐEN,DDR4,PCIe 4.0 x4,
Supermicro Q370 MBD-X11SCV-Q-O LGA1151 DDR4 Mini ITX,7729886,LGA 1151,Mini-ITX,64,2,XANH LÁ / ĐEN,DDR4,PCIe 4.0 x4,sata_6_gb_s
ASUS PRIME B650M-A AX6,5532187,AM5,Micro ATX,192,4,ĐEN / XÁM,DDR5,PCIe 4.0 x4,sata_6_gb_s
ASUS Z270 PRIME Z270-P DDR4 ATX,9707869,LGA 1151,ATX,64,4,ĐEN / XÁM,DDR4,PCIe 4.0 x4,
Gigabyte Z370 Z370N WIFI DDR4 Mini ITX,8469918,LGA 1151,Mini-ITX,32,2,ĐEN / TRẮNG,DDR4,PCIe 4.0 x4,sata_6_gb_s
ASUS PRIME B850-PLUS WIFI,5268737,AM5,ATX,256,4,ĐEN / XÁM,DDR5,PCIe 5.0 x4; PCIe 4.0 x4; PCIe 4.0 x2,sata_6_gb_s
MSI B85 G43 LGA1150 DDR3 ATX,10853613,LGA 1150,ATX,32,4,ĐEN / XANH DƯƠNG,DDR3,,sata_3_gb_s; sata_6_gb_s
Asus H110 M-A/M.2 LGA1151 DDR4 Micro ATX,4564271,LGA 1151,Micro ATX,32,2,ĐEN / VÀNG,DDR4,PCIe 4.0 x4,sata_6_gb_s
Gigabyte Z790 AORUS XTREME,13725482,LGA 1700,EATX,128,4,,DDR5,PCIe 5.0 x4/x2; PCIe 4.0 x4/x2; PCIe 4.0 x4/ x2,sata_6_gb_s
MSI H55 M-E23 LGA1156 DDR3 Micro ATX,3284958,LGA 1156,Micro ATX,8,2,ĐEN / XANH DƯƠNG,DDR3,,sata_3_gb_s
Gigabyte X570S UD AM4 DDR4 ATX,7297565,AM4,ATX,128,4,ĐEN / XÁM,DDR4,PCIe 4.0 x4,
Asus H610 PRIME H610M-A LGA1700 DDR5 Micro ATX,4858808,LGA 1700,Micro ATX,96,2,XÁM / ĐEN,DDR5,PCIe 4.0 x4,sata_6_gb_s
Gigabyte B560M AORUS ELITE LGA1200 DDR4 Micro ATX,4188855,LGA 1200,Micro ATX,128,4,ĐEN,DDR4,PCIe 4.0 x4,sata_6_gb_s
Gigabyte C232 MW21-SE0 LGA1151 DDR4 Micro ATX,6849437,LGA 1151,Micro ATX,64,4,ĐEN / XANH DƯƠNG,DDR4,,
Asus PRIME B860M-A WIFI-CSM DDR5 Micro ATX,5532187,LGA 1851,Micro ATX,256,4,XÁM / ĐEN,DDR5,PCIe 5.0 x4; PCIe 4.0 x4,sata_6_gb_s
EVGA Z370 FTW LGA1151 DDR4 ATX,9682051,LGA 1151,ATX,64,4,ĐEN,DDR4,PCIe 4.0 x4,sata_6_gb_s
ASUS ROG STRIX B760-A GAMING WIFI,6059087,LGA 1700,ATX,192,4,XÁM / ĐEN,DDR5,PCIe 4.0 x4,
Gigabyte Z790 GAMING PLUS AX DDR5 ATX,6913982,LGA 1700,ATX,192,4,ĐEN / XÁM,DDR5,PCIe 4.0 x4,
Gigabyte B560 M D3H LGA1200 DDR4 Micro ATX,4188855,LGA 1200,Micro ATX,128,4,NÂU / ĐEN,DDR4,PCIe 4.0 x4,sata_6_gb_s
Supermicro Intel C602 X9SRI-F-O LGA2011 DDR3 ATX,19495300,LGA 2011,ATX,64,8,XANH LÁ,DDR3,,sata_3_gb_s; sata_6_gb_s
MSI B250M MORTAR ARCTIC DDR4 Micro ATX,6849437,LGA 1151,Micro ATX,64,4,TRẮNG,DDR4,PCIe 4.0 x4,sata_6_gb_s
X570 Phantom Gaming-ITX/TB3 Mini ITX Thunderbolt 3 AMD Motherboard Model X570 Phantom GAM ITX,3952013,AM4,Mini-ITX,64,2,,DDR4,PCIe 4.0 x4 / SATA + PCIe,sata_6_gb_s
MSI H110 H110M ECO DDR4 Micro ATX,6849437,LGA 1151,Micro ATX,32,2,ĐEN,DDR4,,sata_6_gb_s
Gigabyte Z390 AORUS MASTER WIFI DDR4 ATX,7007770,LGA 1151,ATX,128,4,ĐEN / XÁM,DDR4,PCIe 4.0 x4,
Gigabyte Z890 AERO G DDR5 ATX,5928942,LGA 1851,ATX,256,4,TRẮNG / XÁM,DDR5,PCIe 5.0 x4; PCIe 4.0 x4,sata_6_gb_s
ASRock Z890 Pro-A WiFi,5268737,LGA 1851,ATX,256,4,ĐEN / XÁM,DDR5,PCIe 4.0 x4,
Gigabyte Z790 AORUS ELITE X WIFI7 DDR5 ATX,6913982,LGA 1700,ATX,192,4,ĐEN,DDR5,PCIe 4.0 x4,
Gigabyte B450M GAMING AM4 DDR4 Micro ATX,2897687,AM4,Micro ATX,32,2,ĐỎ / ĐEN,DDR4,PCIe 4.0 x4,
MSI Z390 MPG GAMING PRO CARBON AC DDR4 ATX,10295099,LGA 1151,ATX,128,4,ĐEN / XÁM,DDR4,PCIe 4.0 x4,
Asus Intel X79 Rampage IV Formula LGA2011 DDR3 ATX,17602412,LGA 2011,ATX,32,4,ĐEN / ĐỎ,DDR3,,sata_3_gb_s; sata_6_gb_s
Asus AMD 890GX M4A89GTD PRO/USB3 AM3 DDR3 ATX,3746259,AM3,ATX,16,4,ĐEN / XANH DƯƠNG,DDR3,,sata_6_gb_s
Asus B860 PRIME B860M-A LGA1851 DDR5 Micro ATX,5532187,LGA 1851,Micro ATX,256,4,XÁM / ĐEN,DDR5,PCIe 5.0 x4; PCIe 4.0 x4,sata_6_gb_s
MSI B350 PC MATE AM4 DDR4 ATX,9905720,AM4,ATX,64,4,ĐEN,DDR4,PCIe 4.0 x4,
Gigabyte Z370 XP SLI (rev. 1.0) DDR4 ATX,7007770,LGA 1151,ATX,64,4,ĐEN / TRẮNG,DDR4,PCIe 4.0 x4,sata_6_gb_s
NZXT Z390 N7 WIFI LGA1151 DDR4 ATX,9682051,LGA 1151,ATX,64,4,TRẮNG / ĐEN,DDR4,PCIe 4.0 x4,sata_6_gb_s
MSI H510 I PRO WIFI DDR4 Mini ITX,12619255,LGA 1200,Mini-ITX,64,2,ĐEN / XÁM,DDR4,PCIe 4.0 x4,sata_6_gb_s
ASUS PRIME B760M-A WIFI II,4858808,LGA 1700,Micro ATX,256,4,ĐEN / XÁM,DDR5,PCIe 4.0 x4,sata_6_gb_s
MSI H310M PRO-VDH DDR4 Micro ATX,6849437,LGA 1151,Micro ATX,32,2,NÂU / ĐEN,DDR4,,sata_6_gb_s
ASRock B450 Pro4 ATX AM4,4873562,AM4,ATX,64,4,,DDR4,PCIe 4.0 x4,sata_6_gb_s
ASRock B760I Lightning WiFi LGA1700 DDR5 Mini ITX,5685778,LGA 1700,Mini-ITX,128,2,ĐEN,DDR5,PCIe 4.0 x4,sata_6_gb_s
Colorful B760I CVN FROZEN WIFI V20 DDR4 Mini ITX,5685778,LGA 1700,Mini-ITX,64,2,TRẮNG / ĐEN,DDR4,PCIe 4.0 x4,sata_6_gb_s
ASRock Z590 Extreme WiFi 6E DDR4 ATX LGA1200,20924516,LGA 1200,ATX,128,4,ĐEN / XANH DƯƠNG,DDR4,PCIe 4.0 x4,sata_6_gb_s
Gigabyte Z690 AORUS ULTRA LGA1700 DDR5 ATX,6913982,LGA 1700,ATX,192,4,ĐEN,DDR5,PCIe 4.0 x4,sata_6_gb_s
MSI Z97 G55 SLI DDR3 ATX,10853613,LGA 1150,ATX,32,4,ĐEN / XANH DƯƠNG,DDR3,PCIe 4.0 x4,sata_6_gb_s
ASUS PRIME B560-PLUS LGA 1200 ATX Motherboard,12592910,LGA 1200,ATX,128,4,,DDR4,PCIE 4.0 x4; PCIE 3.0 x4 & SATA mode,sata_6_gb_s
EVGA Z170 Classified K LGA1151 DDR4 ATX,9682051,LGA 1151,ATX,64,4,ĐEN / ĐỎ,DDR4,PCIe 4.0 x4,
ASRock B760 M-H2/M.2 DDR5 Micro ATX,3152443,LGA 1700,Micro ATX,96,2,ĐEN / XÁM,DDR5,PCIe 4.0 x4,
ASRock B560M ITX/ac LGA1200 DDR4 Mini ITX,12619255,LGA 1200,Mini-ITX,64,2,XÁM / ĐEN,DDR4,PCIe 4.0 x4,sata_6_gb_s
Supermicro Intel C232 MBD-X11SSL-O LGA1151 DDR4 Micro ATX,10604389,LGA 1151,Micro ATX,64,4,ĐEN / XANH LÁ,DDR4,,sata_6_gb_s
MSI B660 PRO M-P WIFI DDR4 Micro ATX,4083212,LGA 1700,Micro ATX,128,4,ĐEN,DDR4,PCIe 4.0 x4,sata_6_gb_s
Gigabyte Q370 Q370M D3H GSM PLUS DDR4 Micro ATX,6849437,LGA 1151,Micro ATX,64,4,ĐEN,DDR4,PCIe 4.0 x4,sata_6_gb_s
ASRock Z170 Pro4/D3 DDR3 ATX,11012210,LGA 1151,ATX,64,4,ĐEN / CAM,DDR3,,sata_6_gb_s
MSI Z490 MPG GAMING PLUS LGA1200 DDR4 ATX,10294045,LGA 1200,ATX,128,4,ĐEN / XÁM,DDR4,PCIe 4.0 x4,
Asus B560 TUF GAMING B560M-PLUS WIFI LGA1200 DDR4 Micro ATX,4097965,LGA 1200,Micro ATX,128,4,VÀNG / ĐEN,DDR4,PCIe 4.0 x4,
ASRock H570 Phantom Gaming 4 DDR4 ATX,20924516,LGA 1200,ATX,128,4,XÁM / ĐEN,DDR4,PCIe 4.0 x4,sata_6_gb_s
Asus ROG STRIX Z690-E GAMING WIFI DDR5 ATX,8166687,LGA 1700,ATX,192,4,ĐEN,DDR5,PCIe 4.0 x4,
ASRock X670E Pro RS AM5 DDR5 ATX,5268737,AM5,ATX,256,4,ĐEN,DDR5,PCIe 4.0 x4,
B460 AORUS PRO AC,10537737,LGA 1200,ATX,128,4,,DDR4,PCIe x4/x2 SSD,sata_6_gb_s
Asus NVIDIA GeForce 7025 M4N68T-M V2 AM3 DDR3 Micro ATX,6638413,AM3,Micro ATX,16,2,ĐEN / XANH DƯƠNG,DDR3,,sata_3_gb_s
Asus H170 PRO LGA1151 DDR4 ATX,9707869,LGA 1151,ATX,64,4,ĐEN / VÀNG,DDR4,PCIe 4.0 x4,sata_6_gb_s
Gigabyte B550 AORUS PRO AX AM4 DDR4 ATX,7297565,AM4,ATX,128,4,ĐEN,DDR4,PCIe 4.0 x4,sata_6_gb_s
Gigabyte B460M AORUS ELITE DDR4 Micro ATX,4188855,LGA 1200,Micro ATX,128,4,ĐEN / CAM,DDR4,PCIe 4.0 x4,sata_6_gb_s
Asus C232 E3 PRO GAMING V5 DDR4 ATX,9707869,LGA 1151,ATX,64,4,ĐEN / ĐỎ,DDR4,PCIe 4.0 x4,sata_6_gb_s
Asus H55 P7H55-M LE LGA1156 DDR3 Micro ATX,3284958,LGA 1156,Micro ATX,8,2,ĐEN / XANH DƯƠNG,DDR3,,sata_3_gb_s
Asus C246 WS C246 PRO DDR4 ATX,9707869,LGA 1151,ATX,64,4,ĐEN / XÁM,DDR4,PCIe 4.0 x4,sata_6_gb_s
ASUS ROG STRIX B450-I GAMING,3952013,AM4,Mini-ITX,32,2,,DDR4,PCIE 3.0 x4 and SATA; PCIE 3.0 x4,sata_6_gb_s
ASRock X570 Extreme4 AM4 DDR4 ATX,4873562,AM4,ATX,128,4,ĐEN / XÁM,DDR4,PCIe 4.0 x4,sata_6_gb_s
Gigabyte H170 GA-GAMING 3 DDR4 ATX,7007770,LGA 1151,ATX,64,4,ĐEN / ĐỎ,DDR4,PCIe 4.0 x4,sata_6_gb_s
ASRock Z170M Extreme4 DDR4 Micro ATX,6849437,LGA 1151,Micro ATX,64,4,ĐEN / CAM,DDR4,PCIe 4.0 x4,sata_6_gb_s
Colorful B460I CVN GAMING FROZEN V20 DDR4 Mini ITX,12619255,LGA 1200,Mini-ITX,64,2,TRẮNG / ĐEN,DDR4,PCIe 4.0 x4,sata_6_gb_s
ASRock B550 Extreme4 DDR4 ATX,4873562,AM4,ATX,128,4,XANH DƯƠNG / ĐEN,DDR4,PCIe 4.0 x4,
Gigabyte H370 AORUS Gaming 3 WIFI DDR4 ATX,7007770,LGA 1151,ATX,64,4,ĐEN / CAM,DDR4,PCIe 4.0 x4,sata_6_gb_s
MSI B650M GAMING PLUS WIFI DDR5 Micro ATX,4992114,AM5,Micro ATX,192,4,XÁM / ĐEN,DDR5,PCIe 4.0 x4,
MSI H610 PRO H610M-G LGA1700 DDR4 Micro ATX,4083212,LGA 1700,Micro ATX,64,2,ĐEN / XÁM,DDR4,PCIe 4.0 x4,
MSI Z390 MPG GAMING PLUS DDR4 ATX,10295099,LGA 1151,ATX,128,4,ĐEN / ĐỎ,DDR4,PCIe 4.0 x4,
ASRock Z790 PG Lightning/D4 LGA1700 DDR4 ATX,5327222,LGA 1700,ATX,128,4,ĐEN,DDR4,PCIe 4.0 x4,sata_6_gb_s
ASRock X670E Taichi Carrara,21075737,AM5,EATX,128,4,,DDR5,PCIe Gen4 x4,sata_6_gb_s
MSI Z97 Z97A GAMING 6 DDR3 ATX,10853613,LGA 1150,ATX,32,4,ĐEN / ĐỎ,DDR3,PCIe 4.0 x4,sata_6_gb_s
Asus ROG STRIX B250I GAMING DDR4 Mini ITX,8469918,LGA 1151,Mini-ITX,32,2,ĐEN,DDR4,PCIe 4.0 x4,sata_6_gb_s
Asus ROG STRIX B650E-F GAMING WIFI DDR5 ATX,6698216,AM5,ATX,128,4,ĐEN / XÁM,DDR5,PCIe 5.0 x4; PCIe 4.0 x4,sata_6_gb_s
ASRock AB350 Pro4,4873562,AM4,ATX,64,4,,DDR4,PCIe Gen3 x4; SATA3 6.0 Gb/s,sata_6_gb_s
Gigabyte Z690M AORUS ELITE AX DDR4,7004872,LGA 1700,Micro ATX,128,4,ĐEN,DDR4,PCIe 4.0 x4,sata_6_gb_s
Asus 760G M5A78L-M LE/USB3 AM3+ DDR3 Micro ATX,6638413,AM3+,Micro ATX,16,2,ĐEN / XANH DƯƠNG,DDR3,,sata_3_gb_s
Gigabyte AMD 760G GA-78LMT-S2 AM3+ DDR3 Micro ATX,5268737,AM3+,Micro ATX,16,2,XANH DƯƠNG / TRẮNG,DDR3,,sata_3_gb_s
MSI X470 GAMING PRO CARBON AM4 DDR4 ATX,9905720,AM4,ATX,64,4,ĐEN / XÁM,DDR4,PCIe 4.0 x4,sata_6_gb_s
MSI H370 GAMING PLUS DDR4 ATX,10295099,LGA 1151,ATX,64,4,ĐEN / ĐỎ,DDR4,PCIe 4.0 x4,sata_6_gb_s
Gigabyte H270 GA-H270N-WIFI LGA1151 DDR4 Mini ITX,8469918,LGA 1151,Mini-ITX,32,2,ĐEN / XÁM,DDR4,PCIe 4.0 x4,
TUF Z390M-PRO GAMING,6849437,LGA 1151,Micro ATX,64,4,,DDR4,PCIe 3.0 x4 & SATA; PCIe 3.0 x4,sata_6_gb_s
Asus Z590 ROG STRIX Z590-F GAMING WIFI DDR4 ATX,12592910,LGA 1200,ATX,128,4,ĐEN / XÁM,DDR4,PCIe 4.0 x4,sata_6_gb_s
Gigabyte B550 AORUS MASTER DDR4 ATX,7297565,AM4,ATX,128,4,ĐEN / XÁM,DDR4,PCIe 4.0 x4,sata_6_gb_s
Biostar H610 MX-E LGA1700 DDR4 Micro ATX,4018139,LGA 1700,Micro ATX,64,2,XÁM / ĐEN,DDR4,PCIe 4.0 x4,sata_6_gb_s
Asus Z590 TUF GAMING PLUS DDR4 ATX,12592910,LGA 1200,ATX,128,4,XÁM / ĐEN,DDR4,PCIe 4.0 x4,sata_6_gb_s
ASRock X370 M-HDV AM4 DDR4 Micro ATX,2588133,AM4,Micro ATX,32,2,ĐEN / XÁM,DDR4,PCIe 4.0 x4,sata_6_gb_s
Asus H270 STRIX H270F GAMING LGA1151 DDR4 ATX,9707869,LGA 1151,ATX,64,4,ĐEN / XÁM,DDR4,PCIe 4.0 x4,sata_6_gb_s
ASRock H270 Pro4 LGA1151 DDR4 ATX,11012210,LGA 1151,ATX,64,4,ĐEN / TRẮNG,DDR4,PCIe 4.0 x4,sata_6_gb_s
MSI B450M MORTAR MAX AM4 DDR4 Micro ATX,2897950,AM4,Micro ATX,128,4,ĐEN,DDR4,PCIe 4.0 x4,
MSI H81 H81M-E35 DDR3 Micro ATX,7561015,LGA 1150,Micro ATX,16,2,ĐEN / XANH DƯƠNG,DDR3,,sata_3_gb_s; sata_6_gb_s
ASRock Z490 Phantom Gaming 4 DDR4 ATX,20924516,LGA 1200,ATX,128,4,ĐEN / XÁM,DDR4,PCIe 4.0 x4,sata_6_gb_s
Asus X670E PRIME PRO WIFI-CSM AM5 DDR5 ATX,6698216,AM5,ATX,192,4,XÁM / ĐEN,DDR5,PCIe 4.0 x4,sata_6_gb_s
Biostar B650M X3D PRO+ AM5 DDR5 Micro ATX,4572965,AM5,Micro ATX,192,4,ĐEN / XÁM,DDR5,PCIe 4.0 x4,
ASUS TUF GAMING B850M-PLUS II,5532187,AM5,Micro ATX,256,4,ĐEN,DDR5,PCIe 4.0 x4,
Asus ROG STRIX Z790-F GAMING WIFI DDR5 ATX,8166687,LGA 1700,ATX,192,4,ĐEN,DDR5,PCIe 4.0 x4,
ASUS TUF GAMING B550M-PLUS WIFI II,5268737,AM4,Micro ATX,128,4,ĐEN / XÁM,DDR4,PCIe 4.0 x4,
MSI B650 GAMING PLUS AM5 DDR5 ATX,6452944,AM5,ATX,256,4,ĐEN,DDR5,PCIe 4.0 x4,sata_6_gb_s
MSI B360I GAMING PRO AC DDR4 Mini ITX,8469918,LGA 1151,Mini-ITX,32,2,ĐEN,DDR4,PCIe 4.0 x4,sata_6_gb_s
MSI Z87 G43 DDR3 ATX,10853613,LGA 1150,ATX,32,4,ĐEN / XANH DƯƠNG,DDR3,,sata_6_gb_s
MSI H55 M-E33 LGA1156 DDR3 Micro ATX,3284958,LGA 1156,Micro ATX,16,4,ĐEN / XANH DƯƠNG,DDR3,,sata_3_gb_s
Gigabyte Z690M DS3H DDR4 (rev. 1.0),6913982,LGA 1700,ATX,128,4,ĐEN / XÁM,DDR4,PCIe 4.0 x4/x2,sata_6_gb_s
ASUS PRO B460M-C/CSM,4097965,LGA 1200,Micro ATX,128,4,,DDR4,PCIe 3.0 x4 & SATA; PCIe 3.0 x4,sata_6_gb_s
Gigabyte B550 UD AC DDR4 ATX,7297565,AM4,ATX,128,4,NÂU / ĐEN,DDR4,PCIe 4.0 x4,
MSI B760M GAMING PLUS WIFI DDR4 Micro ATX,4083212,LGA 1700,Micro ATX,128,4,ĐEN / XÁM,DDR4,PCIe 4.0 x4,sata_6_gb_s
Gigabyte B550 VISION D AM4 DDR4 ATX,7297565,AM4,ATX,128,4,TRẮNG / ĐEN,DDR4,PCIe 4.0 x4,sata_6_gb_s
Asus B150 M-A LGA1151 DDR4 Micro ATX,4564271,LGA 1151,Micro ATX,64,4,ĐEN / VÀNG,DDR4,,sata_6_gb_s
Biostar A620 MP-E PRO AM5 DDR5 Micro ATX,4572965,AM5,Micro ATX,192,4,ĐEN / XÁM,DDR5,PCIe 4.0 x4,sata_6_gb_s
ASRock AB350 Fatal1ty Gaming K4 DDR4 ATX,4873562,AM4,ATX,64,4,ĐEN / ĐỎ,DDR4,PCIe 4.0 x4,sata_6_gb_s
EVGA Z690 DARK K|NGP|N DDR5 EATX,13725482,LGA 1700,EATX,64,2,ĐEN / VÀNG,DDR5,PCIe 4.0 x4,sata_6_gb_s
Asus AMD 990X M5A99X EVO R2.0 AM3+ DDR3 ATX,3746259,AM3+,ATX,32,4,ĐEN / XANH DƯƠNG,DDR3,,sata_6_gb_s
Gigabyte Z790 D LGA1700 DDR5 ATX,6913982,LGA 1700,ATX,192,4,ĐEN / XÁM,DDR5,PCIe 4.0 x4,
Asus ROG STRIX Z490-F GAMING DDR4 ATX,12592910,LGA 1200,ATX,128,4,ĐEN,DDR4,PCIe 4.0 x4,sata_6_gb_s
MSI B650M PROJECT ZERO AM5 DDR5 Micro ATX,4992114,AM5,Micro ATX,256,4,XÁM / ĐEN,DDR5,PCIe 4.0 x4,
Gigabyte Z790 GAMING X DDR5 ATX,6913982,LGA 1700,ATX,192,4,ĐEN / XÁM,DDR5,PCIe 4.0 x4,sata_6_gb_s
ASRock X870E Taichi Lite AM5 DDR5 EATX,21075737,AM5,EATX,256,4,ĐEN / XÁM,DDR5,PCIe 4.0 x4,
Asus Z690 TUF GAMING Z690-PLUS WIFI D4 DDR4 ATX,8166687,LGA 1700,ATX,128,4,ĐEN / XÁM,DDR4,PCIe 4.0 x4,
ASUS TUF GAMING B760M-PLUS WIFI,4858808,LGA 1700,Micro ATX,192,4,ĐEN / CAM,DDR5,PCIe 4.0 x4,sata_6_gb_s
ASRock Z390 Phantom Gaming 4 LGA1151 DDR4 ATX,11012210,LGA 1151,ATX,128,4,ĐEN / XÁM,DDR4,PCIe 4.0 x4,
Asus Z690 TUF GAMING PLUS WIFI DDR5 ATX,8166687,LGA 1700,ATX,192,4,ĐEN / XÁM,DDR5,PCIe 4.0 x4,
MSI B460 M-A PRO DDR4 Micro ATX,7903237,LGA 1200,Micro ATX,64,2,ĐEN,DDR4,PCIe 4.0 x4,sata_6_gb_s
Gigabyte B360M AORUS GAMING 3 DDR4 Micro ATX,6849437,LGA 1151,Micro ATX,64,4,ĐEN / CAM,DDR4,PCIe 4.0 x4,sata_6_gb_s
ASRock X870 Phantom Gaming Riptide WiFi AM5 DDR5 ATX,5268737,AM5,ATX,256,4,ĐEN / PURPLE,DDR5,PCIe 4.0 x4,
MSI X870E PRO-P WIFI DDR5 ATX,6452944,AM5,ATX,256,4,ĐEN / XÁM,DDR5,PCIe 4.0 x4,
MSI Z790 MPG CARBON MAX WIFI LGA1700 DDR5 ATX,6306466,LGA 1700,ATX,192,4,ĐEN,DDR5,PCIe 4.0 x4,sata_6_gb_s
Asus Z490 PRIME-P LGA1200 DDR4 ATX,12592910,LGA 1200,ATX,128,4,ĐEN / XÁM,DDR4,PCIe 3.0 x4,sata_6_gb_s
Gigabyte Z590 Z590M GAMING X DDR4 Micro ATX,4188855,LGA 1200,Micro ATX,128,4,ĐEN / XÁM,DDR4,PCIe 4.0 x4,sata_6_gb_s
MSI A320M PRO-VH PLUS Micro ATX AM4,2897950,AM4,Micro ATX,32,2,,DDR4,,sata_6_gb_s
Gigabyte X570S GAMING X AM4 DDR4 ATX,7297565,AM4,ATX,128,4,ĐEN / XÁM,DDR4,PCIe 4.0 x4,sata_6_gb_s
MSI MAG B460 TOMAHAWK,7349992,LGA 1200,ATX,128,4,,DDR4,PCIe 3.0 x4 and SATA 6Gb/s; PCIe 3.0 x4,sata_6_gb_s
Asus PRIME Z390-P DDR4 ATX,9707869,LGA 1151,ATX,128,4,XÁM / ĐEN,DDR4,PCIe 4.0 x4,
MSI Z690 MEG UNIFY WIFI LGA1700 DDR5 ATX,6306466,LGA 1700,ATX,192,4,ĐEN / XÁM,DDR5,PCIe 4.0 x4,
Gigabyte B650 M D2HP (rev. 1.2) AM5 DDR5 Micro ATX,4466531,AM5,Micro ATX,96,2,ĐEN / XÁM,DDR5,PCIe 4.0 x4,
Gigabyte H610M S2H V2 LGA1700 DDR5 Micro ATX,4220206,LGA 1700,Micro ATX,96,2,ĐEN / XÁM,DDR5,PCIe 4.0 x4,
Asus B350 PRIME B350M-A AM4 DDR4 Micro ATX,3815546,AM4,Micro ATX,64,4,ĐEN / XÁM,DDR4,PCIe 4.0 x4,
MSI A320 A320M PRO-VH DDR4 Micro ATX,2897950,AM4,Micro ATX,64,2,NÂU / ĐEN,DDR4,PCIe 4.0 x4,sata_6_gb_s
ASUS ROG STRIX X870E-E GAMING WIFI,12593173,AM5,ATX,256,4,ĐEN / RGB,DDR5,PCIe 5.0 x4; PCIe 4.0 x4,sata_6_gb_s
Asus B450 PRIME B450M-K AM4 DDR4 Micro ATX,3815546,AM4,Micro ATX,32,2,ĐEN,DDR4,PCIe 4.0 x4,
Asus H610 PRIME H610M-K D4-ARGB DDR4 Micro ATX,4858808,LGA 1700,Micro ATX,64,2,ĐEN / XÁM,DDR4,PCIe 4.0 x4,sata_6_gb_s
MSI MAG Z690M MORTAR WIFI DDR5 Micro ATX,4083212,LGA 1700,Micro ATX,192,4,XÁM / ĐEN,DDR5,PCIe 4.0 x4,sata_6_gb_s
ASUS TUF GAMING B550M-PLUS (WI-FI),7218530,AM4,Micro ATX,128,4,ĐEN,DDR4,PCIe 4.0 x4,
ASUS PRIME B760-PLUS D4,4557422,LGA 1700,ATX,128,4,XÁM / ĐEN,DDR4,PCIe 4.0 x4,
Asus H670 PRIME-PLUS D4 DDR4 ATX,8166687,LGA 1700,ATX,128,4,XÁM / ĐEN,DDR4,PCIe 4.0 x4,sata_6_gb_s
ASRock Z170 Pro4 LGA1151 DDR4 ATX,11012210,LGA 1151,ATX,64,4,ĐEN / CAM,DDR4,PCIe 4.0 x4,sata_6_gb_s
Asus X299 TUF MARK 2 DDR4 ATX,23341670,LGA 2066,ATX,128,8,ĐEN,DDR4,PCIe 4.0 x4,sata_6_gb_s
ASRock B850 LiveMixer WiFi AM5 DDR5 ATX,5268737,AM5,ATX,256,4,XÁM / ĐEN,DDR5,PCIe 4.0 x4,sata_6_gb_s
ASUS PRIME B650M-F-CSM,5532187,AM5,Micro ATX,96,2,ĐEN / XÁM,DDR5,PCIe 4.0 x4,sata_6_gb_s
Asus B460 TUF GAMING B460M-PLUS (WI-FI) LGA1200 DDR4 Micro ATX,4097965,LGA 1200,Micro ATX,128,4,ĐEN / VÀNG,DDR4,PCIe 4.0 x4,
MSI H410 H410M PRO-VH LGA1200 DDR4 Micro ATX,7903237,LGA 1200,Micro ATX,64,2,ĐEN / XÁM,DDR4,PCIe 4.0 x4,sata_6_gb_s
Gigabyte H510M H V2 DDR4 Micro ATX,4188855,LGA 1200,Micro ATX,64,2,XÁM / NÂU,DDR4,PCIe 4.0 x4,
Asus X299 Prime Edition 30 DDR4 ATX,23341670,LGA 2066,ATX,256,8,ĐEN / TRẮNG,DDR4,PCIe 4.0 x4,sata_6_gb_s
Gigabyte B760M DS3H AX DDR4 Micro ATX,4220206,LGA 1700,Micro ATX,128,4,ĐEN,DDR4,PCIe 4.0 x4,sata_6_gb_s
MSI Z390 MPG GAMING EDGE AC DDR4 ATX,10295099,LGA 1151,ATX,128,4,ĐEN / XÁM,DDR4,PCIe 4.0 x4,
Gigabyte B650 M D2H AM5 DDR5 Micro ATX,4466531,AM5,Micro ATX,96,2,ĐEN,DDR5,PCIe 4.0 x4,sata_6_gb_s
Gigabyte Z390 GAMING X DDR4 ATX,7007770,LGA 1151,ATX,128,4,ĐEN / ĐỎ,DDR4,PCIe 4.0 x4,
ASUS TUF GAMING B850M-PLUS WIFI,5795637,AM5,Micro ATX,256,4,ĐEN / RGB,DDR5,PCIe 5.0 x4; PCIe 4.0 x4,sata_6_gb_s
Gigabyte X870E AORUS MASTER AM5 DDR5 ATX,6129691,AM5,ATX,256,4,ĐEN,DDR5,PCIe 4.0 x4,
Gigabyte Z890 UD LGA1851 DDR5 ATX,5928942,LGA 1851,ATX,256,4,ĐEN / XÁM,DDR5,PCIe 4.0 x4,sata_6_gb_s
ASUS PRIME B760M-A AX6 II,4858808,LGA 1700,Micro ATX,192,4,ĐEN / XÁM,DDR5,PCIe 4.0 x4,
Asus H110 H110M-A LGA1151 DDR4 Micro ATX,4564271,LGA 1151,Micro ATX,32,2,ĐEN / VÀNG,DDR4,,sata_6_gb_s
Asus H510 PRIME H510M-R DDR4 Micro ATX,4097965,LGA 1200,Micro ATX,64,2,ĐEN,DDR4,,sata_6_gb_s
Gigabyte X870E AORUS PRO ICE DDR5 ATX AM5,6129691,AM5,ATX,256,4,TRẮNG,DDR5,PCIe 4.0 x4,
MSI Z790-S01,6306466,LGA 1700,ATX,256,4,ĐEN / XÁM,DDR5,PCIe 4.0 x4; PCIe 4.0 x4 / SATA,sata_6_gb_s
Asus B150 PLUS D3 LGA1151 DDR3 Micro ATX,4564271,LGA 1151,Micro ATX,64,4,ĐEN / VÀNG,DDR3,,sata_6_gb_s
Gigabyte B550 GAMING X V2 DDR4 ATX,7297565,AM4,ATX,128,4,ĐEN / XÁM,DDR4,PCIe 4.0 x4,sata_6_gb_s
ASUS ROG STRIX B550-XE GAMING WIFI,7093918,AM4,ATX,128,4,ĐEN,DDR4,PCIe 4.0 x4; PCIE 3.0 x 4,sata_6_gb_s
ASRock B550M HVS SE AM4 DDR4 Micro ATX,2588133,AM4,Micro ATX,64,2,ĐEN,DDR4,PCIe 4.0 x4,sata_6_gb_s
Gigabyte B660 DS3H AX DDR4 ATX LGA1700,6913982,LGA 1700,ATX,128,4,ĐEN,DDR4,PCIe 4.0 x4,sata_6_gb_s
Gigabyte Z790 AERO G DDR5 ATX,6913982,LGA 1700,ATX,256,4,ĐEN / TRẮNG,DDR5,PCIe 5.0 x4; PCIe 4.0 x4,sata_6_gb_s
MSI B760 PRO VC WIFI II DDR5 ATX,6306466,LGA 1700,ATX,192,4,ĐEN,DDR5,PCIe 4.0 x4,sata_6_gb_s
Supermicro Intel C242 X11SCL-IF LGA1151 DDR4 Mini ITX,7729886,LGA 1151,Mini-ITX,64,2,XANH LÁ,DDR4,PCIe 4.0 x4,
Asus A620 Pro A620M-DASH-CSM AM5 DDR5 Micro ATX,5532187,AM5,Micro ATX,96,2,XANH LÁ,DDR5,PCIe 4.0 x4,sata_6_gb_s
Asus H610 PRIME H610M-A D4-CSM DDR4 Micro ATX,4858808,LGA 1700,Micro ATX,64,2,XÁM / ĐEN,DDR4,PCIe 4.0 x4,
GIGABYTE B650E AORUS MASTER,6129691,AM5,ATX,128,4,,DDR5,PCIe 5.0 x4,sata_6_gb_s
Gigabyte Z590 AORUS ELITE AX DDR4 ATX,10215274,LGA 1200,ATX,128,4,ĐEN,DDR4,PCIe 4.0 x4,
MSI MAG B760M MORTAR WIFI DDR5 Micro ATX,4083212,LGA 1700,Micro ATX,192,4,ĐEN / XÁM,DDR5,PCIe 4.0 x4,sata_6_gb_s
Gigabyte B250 GA-B250-HD3 LGA1151 DDR4 ATX,7007770,LGA 1151,ATX,64,4,ĐEN / VÀNG,DDR4,PCIe 4.0 x4,sata_6_gb_s
Asus B250 PRIME B250M-K LGA1151 DDR4 Micro ATX,4564271,LGA 1151,Micro ATX,32,2,ĐEN / XÁM,DDR4,PCIe 4.0 x4,sata_6_gb_s
Gigabyte B760 GAMING X DDR5 ATX,6913982,LGA 1700,ATX,192,4,ĐEN / XÁM,DDR5,PCIe 4.0 x4,
Gigabyte Z390 AORUS ELITE LGA1151 DDR4 ATX,7007770,LGA 1151,ATX,128,4,ĐEN / XÁM,DDR4,PCIe 4.0 x4,
MSI B560 MAG B560M MORTAR DDR4 Micro ATX,7903237,LGA 1200,Micro ATX,128,4,ĐEN,DDR4,PCIe 4.0 x4,sata_6_gb_s
Asus B450 TUF GAMING B450M-PLUS II AM4 DDR4 Micro ATX,3815546,AM4,Micro ATX,128,4,ĐEN,DDR4,PCIe 4.0 x4,
Gigabyte Z890 AI TOP LGA1851 DDR5 EATX,21589464,LGA 1851,EATX,256,4,XÁM / ĐEN,DDR5,PCIe 4.0 x4,
Asus Z690-G ROG STRIX GAMING WIFI DDR5 Micro ATX,4858808,LGA 1700,Micro ATX,128,4,ĐEN / XÁM,DDR5,PCIe 4.0 x4,
MSI B860 PRO B860-P WIFI LGA1851 DDR5 ATX,6322537,LGA 1851,ATX,256,4,XÁM / ĐEN,DDR5,PCIe 5.0 x4; PCIe 4.0 x4; PCIe 4.0 x2,sata_6_gb_s
Asus B860 PRIME B860M-K-CSM LGA1851 DDR5 Micro ATX,5532187,LGA 1851,Micro ATX,128,2,XÁM / ĐEN,DDR5,PCIe 4.0 x4,sata_6_gb_s
Asus Z390 ROG STRIX Z390-F GAMING DDR4 ATX,9707869,LGA 1151,ATX,128,4,ĐEN,DDR4,PCIe 4.0 x4,
MSI Z790 MPG EDGE WIFI DDR4 ATX,6306466,LGA 1700,ATX,128,4,XÁM / ĐEN,DDR4,PCIe 4.0 x4,
MSI B450 GAMING PRO CARBON AC AM4 DDR4 ATX,9905720,AM4,ATX,128,4,ĐEN,DDR4,PCIe 4.0 x4,
MSI H410 H410M PRO LGA1200 DDR4 Micro ATX,7903237,LGA 1200,Micro ATX,64,2,ĐEN / XÁM,DDR4,PCIe 4.0 x4,sata_6_gb_s
Asus Q470 Pro Q470M-C/CSM LGA1200 DDR4 Micro ATX,4097965,LGA 1200,Micro ATX,128,4,XANH LÁ,DDR4,PCIe 4.0 x4,sata_6_gb_s
Asus B250G STRIX Gaming DDR4 Micro ATX,4564271,LGA 1151,Micro ATX,64,4,ĐEN / ĐỎ,DDR4,PCIe 4.0 x4,sata_6_gb_s
Gigabyte X870 AORUS STEALTH,6129691,AM5,ATX,256,4,TRẮNG,DDR5,PCIe 5.0 x4; PCIe 4.0 x4,sata_6_gb_s
MSI AMD B650 PRO B650-VC WIFI AM5 DDR5 ATX,6452944,AM5,ATX,192,4,ĐEN / XÁM,DDR5,PCIe 4.0 x4,
MSI B760 MAG B760M MORTAR DDR5 Micro ATX,4083212,LGA 1700,Micro ATX,192,4,XÁM / ĐEN,DDR5,PCIe 4.0 x4,sata_6_gb_s
